id,first_name,last_name,hired,position,benefited,licence_expiration,department,Pay_status
44-382-2499,Ingaberg,Zahor,12/12/2001,Finance,false,11/5/2022,Custodial,full-time
91-471-6377,Jed,Lowerson,6/11/2015,Doctor,true,12/20/2029,Medical,part-time
35-550-0099,Theodoric,Keslake,7/16/2014,Doctor,true,,Admininstrative,full-time
58-185-2572,Urbanus,Grinnov,1/12/1999,Receptionist,true,,Medical,temporary
60-786-3941,Violette,Hall-Gough,2/24/2014,Doctor,false,3/18/2024,Billing,temporary
08-638-4671,Kippie,Bickerstasse,9/19/2018,Finance,true,,Medical,full-time
38-190-6696,Frankie,Prester,6/9/2021,Lab,true,,Medical,part-time
68-509-2449,Britney,Kassel,2/13/2014,Assistant,false,12/1/2027,Caretaker,part-time
18-137-1335,Melonie,Besantie,6/23/2003,Assistant,true,1/28/2027,Billing,seasonal
11-244-8705,Garry,Jiruca,10/11/2019,Management,false,6/18/2023,Custodial,full-time
03-991-7178,Arvin,Whitlock,3/9/2013,Finance,false,9/14/2023,Admininstrative,temporary
09-692-5438,Farris,Bromilow,2/13/2002,Lab,false,10/10/2027,Caretaker,full-time
12-253-9361,Jeane,Izakson,10/4/2021,Management,false,8/22/2026,Custodial,part-time
67-908-8782,Lenore,Tweed,7/3/2022,Lab,true,6/23/2030,Billing,seasonal
48-770-5994,Reg,Dicty,3/9/2011,Assistant,true,,Admininstrative,temporary
85-746-9133,Arielle,Gaenor,2/2/2009,Tech,false,,Custodial,seasonal
39-337-8036,Pavel,Mugglestone,8/20/1999,Doctor,true,1/8/2024,Admininstrative,full-time
95-293-7179,Arnaldo,Jain,7/9/2005,Cleaner,false,12/20/2022,Billing,part-time
54-233-5901,Wyatt,Faudrie,4/9/2020,Cleaner,true,2/11/2027,Billing,seasonal
17-689-8167,Rochester,Tout,6/14/2001,Lab,false,9/19/2022,Medical,part-time
23-835-5396,Belia,Tellett,6/19/2022,Doctor,false,6/22/2025,Medical,part-time
56-095-5394,Clarita,Kimblen,8/29/2017,Finance,true,,Billing,part-time
34-560-4013,Peirce,Fumagall,10/15/2001,Lab,true,4/27/2027,Medical,full-time
96-237-6163,Benjy,Poulgreen,12/8/2008,Receptionist,true,,Custodial,full-time
63-947-1285,Rosy,Linebarger,8/5/2019,Assistant,false,,Medical,seasonal
74-110-6014,Jeanine,Riall,9/4/2013,Doctor,false,1/27/2022,Medical,seasonal
01-439-0017,Wylie,Linbohm,10/16/2019,Receptionist,true,,Billing,part-time
10-780-3587,Ambros,Toffoletto,4/11/2002,Cleaner,false,,Custodial,full-time
98-693-8484,Andy,Brome,9/5/2015,Lab,false,7/4/2024,Billing,temporary
11-074-4751,Donelle,Hellmore,6/7/2022,Doctor,false,10/19/2027,Billing,temporary
22-270-9875,Ronalda,Rambaut,5/15/2014,Doctor,false,11/21/2023,Caretaker,seasonal
62-675-4192,Horatio,Schneidar,8/6/2009,Doctor,true,6/7/2027,Admininstrative,seasonal
44-508-4442,Kerianne,Antuk,6/12/2016,Cleaner,false,2/10/2023,Medical,seasonal
25-235-1996,Rowan,Emslie,6/22/2002,Cleaner,true,5/10/2026,Billing,full-time
76-717-7835,Gussi,Lattos,8/28/2007,Assistant,true,,Custodial,part-time
24-199-4271,Mikel,MacPadene,6/23/2010,Assistant,false,4/10/2026,Medical,seasonal
06-568-6125,Belle,Casassa,9/27/2002,Tech,false,6/22/2026,Custodial,temporary
08-522-9448,Cosimo,Chastenet,9/4/2013,Cleaner,false,,Admininstrative,temporary
44-514-5362,Nikolaos,Jefford,1/7/2021,Receptionist,false,5/16/2028,Custodial,part-time
86-042-2258,Eustacia,Murrish,12/15/2018,Lab,false,1/28/2023,Billing,seasonal
03-716-4593,Flory,Boness,4/14/2011,Lab,false,,Billing,temporary
72-906-6662,Sheba,De Paoli,11/7/2013,Assistant,false,,Medical,temporary
92-467-1126,Perceval,Keal,6/19/2018,Finance,false,2/3/2027,Admininstrative,temporary
00-723-7601,Lion,Hubane,4/11/2010,Tech,false,12/25/2029,Admininstrative,part-time
39-287-3368,Lock,Deinert,2/7/2001,Management,true,6/6/2025,Admininstrative,full-time
99-046-3501,Estell,Rummins,12/21/2006,Assistant,false,,Medical,part-time
24-561-8491,Gilbertina,Stoak,3/18/2018,Management,false,6/26/2025,Caretaker,full-time
94-926-6869,Zonda,Gumey,2/15/2002,Cleaner,false,,Admininstrative,temporary
19-242-7520,Urbano,Ayton,12/3/2002,Management,false,6/27/2027,Caretaker,temporary
23-036-3562,Imogen,Goldman,10/20/2001,Lab,false,3/8/2024,Custodial,full-time
10-023-2885,Ophelia,Blazej,5/1/2000,Assistant,true,9/17/2028,Custodial,full-time
70-566-1578,Dalston,O'Cooney,3/9/2006,Assistant,true,3/29/2025,Custodial,temporary
61-007-2259,Gill,Biggam,10/27/2019,Management,true,,Admininstrative,seasonal
53-582-7281,Vlad,Cornelius,8/4/2003,Management,false,11/3/2025,Custodial,full-time
94-162-2519,Nan,Luebbert,3/17/2017,Management,false,5/9/2030,Custodial,full-time
76-789-2197,John,Worge,3/31/2021,Lab,false,10/2/2026,Medical,temporary
74-216-3334,Dyane,Pywell,4/14/2015,Tech,true,11/22/2024,Admininstrative,full-time
10-582-6096,Craggie,Manby,9/26/2016,Management,false,,Medical,temporary
51-939-2618,Melitta,Gregon,7/25/1999,Receptionist,false,5/21/2029,Custodial,seasonal
29-238-0206,Norine,Siggery,2/25/2005,Assistant,true,11/9/2023,Billing,full-time
49-090-2826,Erena,Crossley,7/19/2017,Lab,false,1/27/2030,Medical,seasonal
07-333-9022,Smitty,Fields,10/9/2003,Tech,true,11/2/2024,Billing,full-time
83-880-8231,Carmita,Hollington,10/16/2015,Tech,true,4/1/2029,Caretaker,part-time
75-096-1664,Aldous,Moye,10/5/2002,Assistant,true,5/1/2024,Admininstrative,seasonal
42-642-5952,Susannah,Ivanyushkin,9/28/2016,Tech,true,5/14/2025,Admininstrative,part-time
41-309-1203,Harwilll,Carnegy,8/12/2015,Doctor,false,12/10/2027,Medical,part-time
88-567-0407,Gerda,Woodhams,3/22/2020,Receptionist,false,,Admininstrative,part-time
00-192-3152,Claudio,Glinde,10/27/2020,Lab,true,10/27/2028,Medical,seasonal
67-566-0829,Alfonso,Grigaut,8/26/2000,Doctor,false,2/15/2027,Billing,full-time
14-401-6569,Marcille,Rosendale,1/10/2017,Assistant,true,,Caretaker,full-time
82-083-3116,Bonnee,Pochon,10/15/2021,Management,false,7/31/2029,Caretaker,temporary
66-917-7973,Pryce,Tainton,1/24/2021,Management,false,,Billing,full-time
67-836-4097,Sylvester,Cicchetto,3/20/2004,Cleaner,true,8/23/2023,Caretaker,part-time
96-956-6240,Gracie,Mulvenna,10/23/2003,Tech,false,6/10/2025,Caretaker,part-time
98-576-2396,Joellyn,Pattinson,11/19/2004,Tech,true,10/27/2029,Medical,seasonal
46-420-6080,Iorgos,Joscelyne,11/23/2012,Cleaner,false,6/27/2026,Billing,seasonal
76-751-8421,Eimile,Forcer,2/13/2020,Management,false,8/27/2029,Caretaker,full-time
32-160-4423,Emlynne,Gresswell,12/6/2020,Tech,false,8/31/2022,Admininstrative,full-time
24-708-0472,Drona,Arp,11/8/2003,Doctor,false,8/24/2024,Medical,full-time
77-169-0813,Lacy,Pumphrey,1/16/2021,Finance,true,,Caretaker,temporary
49-240-1489,Ianthe,Barber,8/4/2006,Management,true,2/12/2024,Custodial,part-time
13-935-2104,Gerardo,Akroyd,10/23/2008,Doctor,true,8/1/2027,Admininstrative,seasonal
68-957-9606,Candra,Broadstock,5/7/2021,Receptionist,false,5/2/2029,Custodial,seasonal
38-873-8893,Amabelle,De Beneditti,6/4/2017,Management,true,2/20/2026,Caretaker,temporary
84-777-8040,Murry,Standeven,1/29/2001,Tech,false,12/16/2022,Billing,temporary
34-875-8991,Dorelia,Swayland,8/17/2010,Cleaner,false,,Admininstrative,temporary
34-892-0156,Grantley,Sacker,8/11/2006,Doctor,true,,Admininstrative,temporary
42-265-7709,Pepito,Feavyour,6/23/2022,Finance,false,11/22/2023,Billing,temporary
22-190-3053,Merwyn,Skellion,7/20/2009,Assistant,false,3/14/2022,Custodial,temporary
52-662-9407,Aridatha,Courtonne,5/23/2014,Receptionist,true,4/3/2025,Custodial,temporary
33-580-0886,Franky,Cokayne,12/14/2013,Assistant,false,1/19/2027,Medical,temporary
33-521-5289,Teodoor,Aasaf,1/27/2018,Assistant,false,,Billing,part-time
45-763-5712,Margret,Safe,12/30/2003,Cleaner,true,2/14/2026,Billing,full-time
01-133-4110,Lyndsay,Murdie,2/6/2006,Receptionist,true,,Medical,seasonal
13-269-0572,Wilfred,Scibsey,12/15/2014,Tech,false,4/23/2024,Medical,part-time
46-914-5154,Stillman,Toor,2/12/2008,Finance,true,12/3/2028,Billing,part-time
62-116-4914,Tammie,Dauber,8/24/2020,Cleaner,false,2/3/2028,Medical,full-time
24-254-4216,Minda,Gilchrest,11/12/1999,Management,false,4/9/2026,Custodial,seasonal
61-802-8478,Dore,Arlidge,5/1/2017,Receptionist,true,4/18/2025,Custodial,temporary
48-274-7058,Meyer,MacGinlay,1/31/2022,Cleaner,false,6/13/2026,Custodial,full-time
61-302-3678,Dulcine,Cleghorn,3/30/2002,Management,true,,Billing,temporary
03-081-1149,Ikey,Borres,4/11/2008,Tech,true,5/30/2030,Billing,part-time
67-515-7459,Harbert,Thorneloe,8/20/2020,Management,true,,Custodial,full-time
58-542-8952,Riccardo,Marvelley,12/17/2004,Tech,false,4/13/2026,Billing,part-time
70-711-4000,Bobby,Hancock,3/4/2006,Receptionist,true,12/6/2024,Custodial,full-time
21-729-7281,Ivy,Henmarsh,2/12/2003,Finance,true,,Caretaker,seasonal
18-412-6111,Janna,Noddles,8/20/2005,Assistant,true,6/1/2030,Billing,temporary
74-011-5827,Elfrida,Dymidowicz,4/9/2003,Doctor,true,2/23/2022,Medical,part-time
59-893-7304,Rebe,Codling,7/1/2001,Lab,true,8/24/2029,Caretaker,temporary
11-154-4056,Talbot,Dummer,9/17/2020,Management,false,11/18/2026,Caretaker,seasonal
85-780-7490,Coral,Wehnerr,4/12/2005,Doctor,false,,Caretaker,part-time
69-450-2178,Averil,Missenden,5/4/1999,Lab,false,6/8/2027,Billing,full-time
84-888-5567,Stinky,Hounsom,8/6/2010,Management,true,3/28/2026,Caretaker,temporary
01-850-7765,Gunther,Lieb,1/12/2005,Doctor,true,8/4/2028,Billing,seasonal
61-649-8056,Delcina,Syplus,12/1/2008,Assistant,false,7/10/2022,Medical,seasonal
42-293-5254,Mickie,Bockler,6/9/2008,Tech,true,,Admininstrative,seasonal
72-302-1450,Daniele,MacParland,6/14/2003,Doctor,true,9/30/2027,Medical,temporary
63-094-8903,Cynthie,McMurraya,1/28/2007,Cleaner,true,,Custodial,full-time
77-431-6362,Elayne,Oldridge,7/22/2011,Tech,true,7/31/2022,Admininstrative,full-time
32-354-9768,Silvano,O'Loghlen,2/25/2020,Tech,true,11/6/2026,Caretaker,part-time
65-281-2982,Jacqui,Windybank,9/4/2004,Assistant,false,11/27/2023,Medical,seasonal
27-469-2536,Emmott,Dellenbach,3/13/2021,Management,true,7/7/2022,Admininstrative,part-time
23-565-6409,Enrichetta,Plesing,1/22/2018,Assistant,true,12/5/2025,Caretaker,part-time
89-772-2057,Camilla,Kristoffersen,6/8/2018,Assistant,true,6/17/2026,Custodial,temporary
57-437-6837,Mortimer,McHardy,2/1/2003,Finance,false,4/23/2030,Custodial,seasonal
60-780-6877,Pavel,Jarry,3/26/2003,Doctor,false,,Admininstrative,temporary
89-949-1503,Margalit,Chitham,8/3/2004,Finance,true,5/24/2030,Caretaker,part-time
54-273-8471,Tristan,Tickner,8/3/2006,Doctor,false,1/18/2029,Caretaker,full-time
75-812-5524,Malissa,Loughton,1/22/2000,Assistant,false,5/30/2028,Admininstrative,full-time
04-211-3710,Denver,Ponting,10/2/2020,Cleaner,true,7/20/2027,Custodial,seasonal
05-528-6205,Devlin,Andreichik,2/11/2005,Assistant,true,9/10/2027,Medical,part-time
72-270-9705,Simone,Streetley,9/2/2020,Finance,false,3/5/2028,Custodial,seasonal
21-843-4619,Adriena,Bloyes,7/29/2005,Tech,true,5/26/2027,Billing,part-time
27-292-7433,Reamonn,Penreth,5/14/2022,Doctor,false,3/24/2029,Admininstrative,temporary
85-419-8724,Whitman,Green,8/27/1999,Finance,true,8/9/2027,Caretaker,temporary
37-776-7494,Katee,Tamas,11/2/2020,Doctor,false,2/6/2026,Medical,full-time
04-339-9406,Dedie,Burbank,2/20/2009,Assistant,true,,Medical,seasonal
44-045-2155,Neely,Germann,7/12/2014,Doctor,false,11/4/2024,Caretaker,part-time
84-246-3978,Ambrose,Greer,3/11/2016,Assistant,false,8/20/2023,Medical,seasonal
31-387-1364,Joye,Matusson,3/27/2017,Finance,false,7/2/2022,Custodial,temporary
54-449-2172,Kimmie,Pinshon,7/7/2004,Tech,true,7/28/2023,Medical,full-time
54-875-7521,Findlay,Elliott,5/15/2016,Management,true,9/25/2026,Medical,part-time
58-027-0337,Brandi,St. Ledger,5/22/2008,Management,true,,Custodial,temporary
46-853-5572,Codee,Gauford,9/19/2005,Receptionist,false,4/27/2030,Medical,seasonal
39-254-1200,Kaspar,Byrnes,10/30/2010,Lab,false,7/8/2022,Custodial,part-time
41-074-1500,Darcey,Philippsohn,7/15/2005,Tech,true,,Medical,full-time
89-278-8446,Edita,Scrymgeour,10/21/2004,Finance,true,9/29/2022,Medical,temporary
05-650-9908,Jabez,Gutsell,10/9/2008,Management,false,12/4/2023,Medical,part-time
85-150-8652,Torrance,De Caville,6/10/2019,Receptionist,true,7/2/2030,Caretaker,temporary
26-240-4897,Woody,Loble,4/6/2017,Cleaner,true,11/11/2026,Billing,seasonal
20-083-1131,Wallas,Ladbrooke,5/5/2019,Finance,false,4/17/2022,Caretaker,temporary
55-432-6931,Serena,Tomasoni,10/24/2022,Finance,true,7/11/2030,Medical,full-time
57-372-4091,Claybourne,Mulvagh,2/5/2001,Finance,true,6/2/2029,Medical,part-time
16-015-4002,Emmi,Coie,1/9/2015,Finance,true,7/2/2025,Medical,temporary
84-206-0052,Carolus,Bartelli,2/5/2018,Cleaner,false,,Billing,full-time
71-691-9040,Marlon,Weir,5/24/2021,Management,false,10/6/2029,Custodial,temporary
39-398-7609,Aldwin,Reville,7/19/2005,Receptionist,false,12/31/2023,Admininstrative,seasonal
81-953-7440,Lonnie,Culter,6/26/2013,Doctor,true,2/10/2026,Admininstrative,temporary
38-104-6820,Shaun,De Giovanni,7/31/2010,Assistant,true,8/6/2024,Caretaker,temporary
32-582-4960,Mechelle,Adiscot,3/30/2004,Doctor,true,6/15/2023,Custodial,part-time
47-342-9110,Lemar,Giordano,1/25/2020,Receptionist,false,12/4/2023,Billing,full-time
44-969-8162,Alvy,Milkin,6/5/2018,Cleaner,true,,Medical,seasonal
14-191-7645,Jackquelin,Resun,12/3/2007,Tech,false,12/13/2026,Custodial,part-time
36-861-0493,Desmond,Keohane,8/18/2000,Assistant,true,11/8/2030,Admininstrative,seasonal
27-104-1237,Rollin,Clegg,3/16/2003,Lab,true,12/14/2027,Caretaker,full-time
60-275-2860,Arin,Itter,11/11/2016,Management,false,,Admininstrative,temporary
37-400-7796,Aron,Warrior,6/15/2006,Cleaner,false,12/30/2029,Billing,full-time
37-709-8974,Giselle,Cordall,5/2/2012,Management,false,10/31/2030,Caretaker,full-time
17-512-7387,Flint,Becket,10/4/2009,Tech,false,11/17/2029,Billing,part-time
47-162-4701,Pacorro,Kielt,5/3/2005,Receptionist,true,7/5/2027,Medical,part-time
79-568-4771,Alf,Ellingsworth,7/20/2014,Lab,false,,Custodial,part-time
15-252-6838,Zachariah,Bannister,12/11/2015,Tech,true,8/21/2023,Caretaker,part-time
57-963-4465,Ophelie,Stoppard,9/22/2007,Finance,true,9/25/2027,Admininstrative,temporary
33-464-2271,Edik,Meneyer,10/13/2009,Tech,true,11/30/2025,Custodial,part-time
62-567-3796,Ursala,Cassin,1/6/2016,Finance,true,3/12/2023,Billing,full-time
96-112-7208,Durward,Stainer,10/23/2003,Assistant,false,11/28/2029,Custodial,temporary
31-594-2596,Mignon,Kopec,12/17/2001,Assistant,false,2/25/2030,Medical,full-time
02-744-1389,Karlan,Lintott,9/29/2015,Doctor,false,4/15/2027,Medical,full-time
26-207-1008,Vincents,Jenton,9/22/2008,Finance,true,3/6/2029,Medical,part-time
27-508-8692,Cordey,Jobb,5/12/2011,Finance,false,6/24/2027,Caretaker,full-time
09-215-1693,Grannie,Kleinsinger,1/20/2019,Cleaner,true,6/13/2029,Caretaker,full-time
72-000-7821,Gwyn,Tooze,9/25/2007,Doctor,false,12/20/2025,Billing,temporary
73-112-8681,Anitra,Etter,8/2/2013,Lab,false,3/18/2026,Admininstrative,part-time
79-738-1260,Deanna,Skures,4/4/2007,Doctor,true,,Caretaker,temporary
95-409-5169,Jemie,Czadla,11/28/2022,Lab,false,5/4/2024,Custodial,part-time
72-272-0276,Penni,Halkyard,12/9/2022,Lab,false,6/21/2024,Medical,part-time
08-722-3190,Devlen,Pechard,10/17/2004,Receptionist,false,,Custodial,temporary
45-089-1962,Herby,Verey,2/3/2015,Tech,false,8/3/2027,Admininstrative,temporary
97-809-4312,Ailene,Ewin,2/26/2002,Cleaner,false,3/15/2028,Custodial,part-time
46-753-4890,Dianne,Curreen,9/19/2010,Receptionist,false,3/4/2024,Custodial,full-time
65-452-3073,Pietra,Briscam,12/10/2004,Lab,false,6/2/2023,Medical,full-time
47-128-3318,Mavis,Ivanuschka,8/2/2004,Assistant,true,2/3/2028,Medical,temporary
54-718-1650,Juditha,Sattin,1/5/2000,Assistant,false,3/28/2027,Admininstrative,full-time
45-251-0057,Britte,Dignall,1/25/2006,Assistant,false,,Caretaker,seasonal
76-157-0729,Carce,Blythe,3/28/2011,Assistant,true,,Medical,part-time
74-364-3015,Pegeen,Abbs,4/3/1999,Cleaner,true,12/3/2030,Custodial,temporary
82-783-9133,Justino,Tumulty,10/10/2017,Finance,false,5/17/2023,Medical,part-time
05-026-0587,Douglass,Scrafton,10/30/2018,Assistant,false,4/19/2029,Caretaker,temporary
90-845-3834,Rhea,Stukings,4/15/2022,Doctor,false,5/22/2025,Billing,part-time
33-302-2416,Serena,Phillpot,9/7/2000,Doctor,false,4/10/2023,Admininstrative,part-time
77-508-1539,Jethro,Bosnell,9/16/2017,Doctor,false,10/30/2027,Caretaker,full-time
82-451-3360,Mabelle,Dunckley,2/27/2004,Finance,true,2/25/2030,Custodial,seasonal
88-228-2101,Palm,Sultana,4/18/2003,Cleaner,true,,Billing,full-time
01-589-7089,Tedra,Quilty,12/5/2022,Assistant,false,6/4/2030,Admininstrative,full-time
67-117-9088,Siffre,Di Baudi,7/7/2015,Assistant,true,5/29/2030,Caretaker,part-time
11-783-8738,Hendrick,Guiraud,8/7/2007,Management,true,8/13/2024,Custodial,full-time
63-788-5698,Giles,Ashburne,10/25/2019,Cleaner,false,1/26/2029,Billing,seasonal
34-113-3235,Abey,Zamudio,1/8/2018,Cleaner,false,7/28/2026,Medical,seasonal
18-644-7348,Ignace,De Launde,5/25/2014,Management,false,4/30/2027,Medical,temporary
99-103-0196,Carmelle,Guise,11/27/1999,Finance,true,9/10/2022,Billing,full-time
44-717-1372,Vin,McGrady,1/15/2013,Doctor,true,,Admininstrative,temporary
98-207-9347,Donelle,Burchmore,1/1/2001,Finance,false,4/24/2028,Custodial,seasonal
78-886-2063,Arvy,Markushkin,5/19/2010,Management,true,8/14/2022,Caretaker,part-time
15-953-3475,Tanner,Aingel,7/6/2006,Lab,false,9/14/2029,Admininstrative,seasonal
78-383-5228,Jenna,Duprey,9/5/2001,Lab,true,,Custodial,part-time
65-007-3236,Addi,Gerrey,5/30/2020,Doctor,false,,Custodial,temporary
35-037-7417,Melessa,Battye,11/9/2003,Lab,true,,Caretaker,full-time
25-700-2710,Luci,Elks,7/9/2013,Assistant,true,12/31/2023,Billing,temporary
37-270-4420,Peta,Malim,6/7/2021,Assistant,true,,Admininstrative,part-time
10-255-6344,Emmie,Stronack,3/4/2020,Finance,false,10/13/2022,Caretaker,temporary
37-817-4815,Rinaldo,Birk,7/19/2000,Assistant,false,10/26/2027,Admininstrative,temporary
35-251-7070,Miguel,Margiotta,9/3/2004,Management,false,,Billing,temporary
92-073-1689,Rem,Snaith,9/22/2011,Lab,false,6/3/2022,Medical,seasonal
98-817-3389,Lazare,Murkitt,12/31/2000,Receptionist,true,,Admininstrative,seasonal
99-469-9532,Richie,Dykas,8/23/2016,Lab,false,,Medical,temporary
19-242-8203,Whitman,Dog,7/11/2003,Lab,true,,Caretaker,temporary
69-067-4360,Peggie,Devigne,10/27/2010,Cleaner,true,,Medical,full-time
80-641-3090,Carolann,Ropartz,7/23/1999,Lab,true,12/11/2030,Medical,part-time
05-733-4550,Deidre,Murrell,3/19/2002,Management,true,3/14/2025,Medical,temporary
25-626-0124,Horatio,Roon,9/12/2000,Doctor,false,5/16/2030,Custodial,part-time
09-765-3174,Min,Henri,12/3/2018,Finance,true,11/6/2027,Custodial,temporary
72-273-3457,Baxie,Syred,7/30/2004,Management,true,10/11/2029,Caretaker,full-time
03-855-0755,Vin,Donlon,3/1/2011,Finance,false,5/17/2027,Admininstrative,full-time
31-584-3462,Kim,Raffan,1/31/2014,Cleaner,false,4/22/2026,Billing,seasonal
88-961-2059,Lauree,Pillington,10/1/2006,Doctor,false,,Custodial,part-time
83-254-8388,Peggi,Baylis,1/16/2003,Assistant,true,9/26/2025,Caretaker,part-time
42-958-8898,Herta,Besemer,1/9/2014,Lab,false,12/23/2025,Caretaker,temporary
22-820-4610,Gabriell,Coon,7/5/2002,Doctor,true,12/4/2025,Billing,temporary
70-463-1397,Emlynne,Stockhill,12/25/2021,Assistant,true,7/29/2023,Medical,seasonal
26-606-1404,Siouxie,Coppock.,12/12/2015,Finance,true,4/8/2028,Custodial,full-time
81-352-3955,Karlik,Cradey,3/25/2002,Management,false,12/21/2027,Caretaker,part-time
66-480-1617,Loree,Corre,12/1/2005,Lab,false,,Admininstrative,temporary
40-594-4818,Evangelina,Vice,4/28/2000,Assistant,true,3/23/2024,Medical,seasonal
54-127-1888,Yehudit,Banat,3/16/2022,Lab,false,9/18/2030,Medical,temporary
68-511-1763,Aeriel,Spencock,11/3/2012,Tech,false,,Admininstrative,part-time
20-635-5371,Grethel,Coit,9/18/2021,Assistant,false,,Caretaker,full-time
18-549-2461,Merilyn,Bastock,8/30/2010,Doctor,false,7/3/2025,Custodial,temporary
42-339-4563,Sheela,Rakestraw,3/7/2019,Tech,false,4/2/2026,Caretaker,seasonal
33-849-6186,Astrix,Silmon,11/22/2004,Management,true,8/19/2023,Custodial,full-time
08-253-5817,Sebastiano,Doddemeade,12/4/2015,Receptionist,true,2/21/2023,Billing,seasonal
42-491-8148,Lynelle,Wadsworth,8/18/2020,Management,false,3/8/2030,Admininstrative,full-time
39-643-4879,Zelma,Give,5/13/2000,Assistant,true,11/19/2027,Admininstrative,temporary
30-817-4089,Oralee,McNirlin,11/8/2011,Finance,false,4/20/2028,Billing,seasonal
27-166-1317,Bevvy,Rolfs,11/3/2022,Receptionist,true,,Medical,temporary
48-391-4136,Bebe,Margeram,12/17/2018,Doctor,true,7/17/2026,Medical,seasonal
07-905-3060,Petunia,Pearlman,11/28/2022,Receptionist,false,12/19/2024,Medical,part-time
82-906-3231,Dorella,Adrienne,3/14/2019,Management,false,3/14/2029,Custodial,seasonal
13-483-2424,Jermaine,Punshon,10/4/2013,Finance,false,1/8/2023,Custodial,part-time
50-154-2555,Bernadina,Ludwig,6/30/2022,Doctor,false,10/20/2022,Billing,part-time
53-903-9731,Winslow,Fullard,4/10/2022,Lab,false,6/27/2029,Medical,full-time
77-444-9930,Minnaminnie,Woan,12/23/2010,Cleaner,false,9/7/2022,Caretaker,part-time
41-816-4248,Ellsworth,Mahody,1/18/2014,Finance,true,,Custodial,full-time
40-135-2022,Berry,Philipot,8/24/2016,Lab,false,,Caretaker,full-time
12-650-9906,Donia,Schlagh,7/24/2010,Assistant,false,,Medical,seasonal
78-034-1250,Prince,Frantsev,5/14/1999,Assistant,true,5/8/2024,Medical,temporary
87-619-1751,Kyla,Drake,8/26/2006,Receptionist,false,,Custodial,temporary
73-844-9401,Carolee,Macro,12/11/2017,Finance,true,6/25/2024,Billing,seasonal
32-559-2403,Andy,Tankus,2/20/2015,Receptionist,false,9/15/2027,Custodial,part-time
68-642-0506,Francoise,Ales0,8/25/2021,Finance,false,,Admininstrative,part-time
61-014-5566,Theodore,Tanman,3/10/2022,Receptionist,true,7/24/2029,Admininstrative,temporary
27-132-3243,Belia,McClenan,2/3/2007,Assistant,false,,Medical,full-time
15-780-2712,Robin,Salamon,10/5/2001,Assistant,false,11/7/2025,Billing,temporary
37-739-6835,Jacky,Maryska,4/26/2009,Assistant,true,4/28/2030,Medical,full-time
50-494-0077,Bebe,Count,8/23/2016,Cleaner,true,11/1/2022,Billing,part-time
71-372-0359,Brnaby,Reuss,12/31/2015,Cleaner,false,5/20/2024,Admininstrative,seasonal
50-627-9998,Linnie,Wharrier,8/30/2010,Assistant,false,,Admininstrative,part-time
44-568-4902,Cosette,Dunphy,5/13/2021,Receptionist,false,,Caretaker,part-time
71-013-7860,Velvet,MacDonnell,4/9/2003,Receptionist,false,8/23/2027,Admininstrative,temporary
37-066-3461,Ethelda,Swendell,1/17/2014,Finance,false,,Caretaker,seasonal
41-448-2939,Marshall,Epinoy,11/2/2012,Tech,false,,Admininstrative,full-time
87-387-7133,Rupert,Christoffe,1/6/2003,Assistant,false,,Billing,seasonal
87-080-0455,Carny,Lockie,11/10/2010,Doctor,false,9/19/2026,Medical,full-time
51-311-6692,Barri,Heinsen,6/8/2010,Assistant,false,1/26/2029,Admininstrative,full-time
03-309-8784,Godiva,Fulker,2/19/2018,Cleaner,false,5/19/2024,Medical,part-time
24-574-4492,Daryl,Cottill,9/19/2009,Management,true,6/1/2022,Admininstrative,temporary
67-970-4431,Howard,Millichap,7/11/2012,Assistant,true,8/2/2025,Caretaker,seasonal
47-544-4230,Pearle,Hallowell,2/18/1999,Assistant,true,8/15/2024,Caretaker,seasonal
14-707-0772,Corrie,Bache,6/25/2009,Tech,false,9/14/2028,Medical,part-time
37-454-6094,Edmon,Nansom,4/2/2008,Tech,false,12/15/2022,Billing,full-time
69-759-1167,Kylie,Kinkaid,6/29/2011,Lab,true,11/6/2022,Admininstrative,temporary
91-587-7738,Caroline,Lovell,1/6/2013,Lab,true,2/11/2025,Billing,part-time
12-873-3281,Izabel,Gowland,3/31/2019,Receptionist,true,,Medical,part-time
68-162-4860,April,Novotni,12/28/2021,Receptionist,true,8/29/2028,Medical,temporary
65-050-6690,Forest,Rolfo,5/26/2009,Cleaner,true,11/26/2030,Medical,seasonal
87-119-3662,Rivi,Torbard,12/26/2001,Management,false,11/11/2022,Medical,full-time
94-155-4279,Titos,Hucker,12/14/2010,Cleaner,false,12/6/2029,Custodial,part-time
37-062-4509,Ernesto,Boyall,1/3/2007,Assistant,false,,Caretaker,part-time
19-956-5976,Ulrick,Feechum,10/7/2000,Tech,false,8/28/2028,Admininstrative,full-time
69-230-1484,Kimberlyn,Barthelemy,11/15/2021,Doctor,true,10/18/2030,Caretaker,full-time
03-758-1329,Saudra,Burrus,5/12/2004,Doctor,true,8/16/2024,Caretaker,temporary
10-893-6508,Sephira,Rollett,7/5/2013,Receptionist,true,4/4/2022,Billing,temporary
63-083-7695,Chas,Alu,9/1/2005,Doctor,true,6/24/2023,Medical,full-time
20-890-9124,Carlyle,McMahon,3/29/2010,Assistant,false,10/30/2027,Admininstrative,part-time
96-387-5494,Chase,Kulvear,1/10/2010,Cleaner,false,1/17/2026,Caretaker,full-time
31-937-1341,Gwenora,Janca,11/25/2021,Management,true,6/19/2025,Caretaker,full-time
74-139-6912,Chan,Deners,5/12/2018,Cleaner,true,12/21/2027,Custodial,temporary
40-890-6186,Charo,Manjin,7/8/1999,Finance,true,8/22/2023,Admininstrative,temporary
41-432-3459,Alfreda,Bladge,3/20/2010,Tech,false,,Custodial,part-time
72-826-7024,Fanechka,Denzilow,7/17/2006,Tech,false,8/12/2028,Billing,seasonal
19-431-5721,Wyatt,Lancastle,8/18/2016,Receptionist,false,3/28/2024,Medical,seasonal
40-479-2395,Dorree,Whetton,11/29/2017,Management,true,6/28/2023,Custodial,full-time
57-327-0246,Durward,Gaw,1/15/2022,Lab,true,6/25/2023,Caretaker,part-time
13-398-2077,Laughton,Ledstone,6/13/2007,Finance,true,10/18/2023,Admininstrative,full-time
73-951-3261,Talia,Awton,6/20/2004,Tech,true,6/10/2030,Medical,full-time
34-697-1852,Rabi,Gibbett,4/18/2016,Finance,true,5/5/2027,Custodial,temporary
46-945-2518,Zola,Mostyn,6/20/2014,Finance,false,,Caretaker,full-time
98-533-2841,Eugenia,Thornham,2/9/2009,Cleaner,false,7/27/2026,Medical,temporary
54-701-2832,Ferguson,Woodyer,3/10/2000,Doctor,false,,Custodial,temporary
67-029-5205,Marilin,Paley,5/26/2011,Finance,false,,Billing,temporary
42-544-5876,Berthe,Eastwood,11/17/2020,Cleaner,false,,Medical,temporary
99-341-1304,Dugald,Raddon,3/16/2004,Tech,true,11/12/2026,Custodial,seasonal
56-113-8855,Carl,Emeline,5/24/2000,Cleaner,true,4/1/2029,Caretaker,part-time
16-242-0347,Sonnie,Coase,8/14/2009,Lab,true,8/21/2025,Admininstrative,part-time
37-226-4254,Randi,Futty,3/8/2003,Tech,true,4/10/2025,Caretaker,part-time
22-502-6607,Winne,Tomasino,6/9/2009,Tech,false,1/3/2029,Caretaker,seasonal
83-497-7152,Tawsha,Habbon,8/9/2008,Doctor,false,11/28/2026,Billing,temporary
43-583-3745,Tillie,Lanchbery,5/1/2017,Doctor,false,2/4/2024,Caretaker,seasonal
12-080-9335,Holmes,Finlayson,3/28/2018,Cleaner,false,7/16/2027,Billing,part-time
88-758-4326,Nerty,Tevlin,2/22/2014,Management,true,11/10/2023,Medical,seasonal
09-597-3159,Vonni,Elliker,6/20/2013,Finance,true,12/8/2028,Medical,temporary
01-487-5010,Putnam,Rogerot,11/10/2009,Doctor,true,,Billing,seasonal
76-130-6987,Zia,Swetenham,11/23/2016,Receptionist,false,8/3/2029,Medical,full-time
44-369-1332,Quinlan,Jiru,1/22/2007,Finance,false,2/8/2025,Custodial,part-time
87-947-8369,Dasie,O'Skehan,5/2/2010,Management,false,6/9/2026,Admininstrative,temporary
42-176-0215,Katya,MacMillan,12/16/2022,Lab,true,,Caretaker,part-time
16-392-6849,Billie,Wilcot,11/19/2021,Cleaner,true,,Medical,temporary
59-431-7208,Phillida,Christoffels,2/13/2001,Lab,false,10/27/2022,Caretaker,temporary
78-397-9521,Chastity,Gerhartz,3/12/2022,Doctor,true,9/6/2026,Caretaker,part-time
08-521-7834,Johannah,Kenningham,1/21/2010,Doctor,false,,Admininstrative,part-time
44-119-8088,Rustin,Gifkins,12/1/2015,Doctor,true,5/9/2026,Billing,seasonal
45-289-7698,Brion,Clifton,3/22/2019,Management,false,4/1/2029,Caretaker,full-time
87-971-0249,Bevin,McGucken,4/9/2016,Finance,true,2/17/2028,Medical,temporary
68-992-8123,Abbot,Matcham,8/2/2000,Tech,true,5/17/2030,Custodial,full-time
72-242-9904,Dulsea,Levington,9/3/2008,Finance,false,,Custodial,seasonal
99-696-2388,Aleen,Portugal,7/16/2002,Cleaner,false,1/20/2028,Medical,part-time
74-674-1557,Vonnie,Stenner,5/4/2008,Tech,true,4/26/2030,Custodial,seasonal
84-128-4471,Bunny,Benardet,10/28/2010,Doctor,true,9/26/2027,Billing,part-time
81-065-7184,Cornela,Gladbach,4/2/2018,Management,false,3/3/2022,Medical,part-time
08-542-6198,Burty,Livick,11/17/2011,Cleaner,false,,Custodial,part-time
65-611-5279,Marcel,Dabney,9/5/2018,Finance,true,7/12/2026,Billing,full-time
95-856-1162,Alayne,Rickeard,1/1/2014,Receptionist,false,8/23/2024,Admininstrative,full-time
91-487-6524,Eveleen,Tant,8/25/2002,Receptionist,true,5/11/2027,Custodial,part-time
04-099-1112,Aeriell,Iannitti,3/27/2017,Tech,false,3/12/2025,Custodial,full-time
41-280-2332,Barthel,Espina,2/7/2018,Finance,false,,Medical,full-time
31-728-2937,Patrizio,Avramow,8/10/2010,Cleaner,false,,Caretaker,seasonal
90-115-7815,Iormina,Passion,1/5/2002,Receptionist,false,,Billing,seasonal
43-309-7526,Janith,Davidovicz,12/22/2013,Lab,false,2/26/2022,Billing,temporary
87-687-1788,Kathryne,Happer,10/21/2017,Finance,false,2/17/2025,Medical,temporary
10-902-2696,Marlene,Halmkin,4/26/2009,Doctor,true,,Medical,temporary
19-112-6990,Jodie,Calloway,9/5/2000,Doctor,true,6/25/2023,Custodial,seasonal
68-717-0172,Camey,McNab,12/2/2015,Receptionist,false,,Admininstrative,temporary
76-576-6049,Rosina,Harty,4/4/2018,Cleaner,false,5/5/2022,Admininstrative,full-time
20-716-2025,Elsinore,Theuss,11/29/2008,Assistant,false,9/11/2028,Caretaker,temporary
65-103-3554,Jemimah,Dummett,8/12/2020,Tech,false,6/1/2023,Admininstrative,full-time
00-005-7493,Kara,Nardi,4/18/2002,Receptionist,false,,Admininstrative,full-time
41-397-9978,Chandal,Gauden,12/10/2016,Cleaner,true,5/23/2027,Medical,part-time
20-149-9843,Ryley,Bescoby,4/22/2016,Doctor,true,7/1/2029,Admininstrative,part-time
40-226-3301,Trumann,Hamlyn,9/17/2018,Management,true,10/23/2024,Medical,seasonal
89-762-8201,Wallis,Bogie,1/24/2015,Assistant,false,11/5/2024,Custodial,temporary
16-620-7654,Jeno,Pengelley,1/6/2022,Lab,true,12/29/2025,Caretaker,seasonal
54-196-4472,Alasdair,Cavanaugh,3/15/2004,Receptionist,false,,Caretaker,seasonal
08-981-3335,Oona,Brendel,9/28/2014,Cleaner,false,9/25/2022,Admininstrative,full-time
17-918-7456,Dylan,Stiling,12/1/2022,Tech,false,7/11/2025,Custodial,seasonal
44-264-2510,Ody,Pawel,5/16/2007,Lab,true,10/14/2029,Admininstrative,part-time
65-056-0487,Danie,Abrahams,3/5/2012,Finance,true,9/28/2027,Caretaker,full-time
56-937-1368,Ashton,Buten,11/2/2019,Doctor,false,8/22/2029,Admininstrative,temporary
72-354-0496,Gilles,Hinkensen,7/24/2000,Receptionist,false,,Caretaker,part-time
16-395-8066,Nixie,Longbothom,6/1/2014,Finance,true,12/28/2025,Medical,full-time
97-822-2435,Dena,Coopland,3/13/2016,Management,false,1/31/2030,Medical,full-time
19-278-8538,Morton,Makepeace,4/10/2004,Receptionist,true,4/11/2023,Custodial,temporary
51-259-3852,Gordy,Reaveley,3/26/2021,Receptionist,true,10/23/2027,Caretaker,temporary
06-843-8897,Abagail,Frushard,12/6/2018,Receptionist,false,6/1/2030,Custodial,temporary
53-435-4736,Ody,Syratt,8/23/2017,Receptionist,true,9/16/2028,Billing,part-time
94-532-3338,Faith,Manclark,2/13/2004,Cleaner,true,,Billing,temporary
21-075-0788,Vivie,Georgescu,3/26/1999,Cleaner,false,1/20/2029,Medical,full-time
24-353-7832,Donnie,Garz,6/6/2002,Finance,true,12/13/2022,Admininstrative,full-time
73-823-4265,Giovanna,Pedler,10/16/2004,Lab,true,9/20/2027,Medical,part-time
01-662-9488,Odetta,Zappel,9/24/2017,Assistant,false,,Custodial,temporary
06-346-3991,Buiron,Pendrich,2/25/2016,Assistant,false,8/17/2025,Medical,temporary
79-482-8403,Kristopher,Tunny,9/24/2003,Finance,true,8/25/2023,Medical,seasonal
53-486-9860,Scarface,Goodayle,7/17/2006,Receptionist,false,8/4/2029,Custodial,seasonal
92-553-4849,Ernaline,Benyan,5/1/2011,Doctor,false,9/8/2028,Custodial,part-time
92-244-2218,Drew,Caller,2/17/2008,Lab,true,2/7/2026,Caretaker,seasonal
49-791-3931,Berty,Tremouille,9/5/2002,Management,true,,Medical,seasonal
94-533-8910,Cordi,Inkles,10/11/2009,Management,true,11/22/2026,Billing,full-time
04-640-7750,Agace,Seers,3/22/2009,Management,true,5/30/2028,Admininstrative,part-time
51-464-9868,Thorny,Drew,6/27/1999,Finance,true,11/24/2024,Admininstrative,full-time
25-385-0575,Tomasina,Dilkes,5/1/2008,Tech,false,4/3/2026,Medical,part-time
11-928-6682,Hannis,Ryrie,4/4/2001,Doctor,true,9/18/2022,Medical,full-time
66-271-9590,Whittaker,Mycroft,5/2/2001,Doctor,true,2/1/2028,Billing,part-time
38-544-1021,Elsie,Itzkovitch,3/18/2002,Lab,true,,Medical,full-time
19-945-6420,Julietta,Kunzler,3/16/2011,Receptionist,false,,Admininstrative,seasonal
13-593-2092,Welby,Messiter,1/21/2022,Lab,true,,Medical,seasonal
87-066-1925,Claudia,Aust,12/24/2018,Receptionist,true,6/25/2026,Caretaker,seasonal
86-971-0599,Wenda,Muir,4/29/2018,Receptionist,true,5/6/2029,Admininstrative,seasonal
17-484-7619,Ozzie,Gluyus,6/22/1999,Cleaner,true,5/7/2026,Billing,full-time
91-025-8524,Harcourt,Blaine,2/25/2002,Doctor,true,3/21/2029,Caretaker,part-time
64-665-7460,Neala,Tolotti,1/23/2002,Lab,false,3/22/2025,Billing,temporary
18-997-3785,Nert,Searston,5/7/2014,Lab,false,,Billing,part-time
49-438-7930,Arvy,Wheatland,1/23/2021,Assistant,false,6/15/2027,Caretaker,seasonal
07-825-7774,Dorise,Murcott,11/4/1999,Management,false,11/13/2022,Admininstrative,temporary
39-593-0924,Warde,Logg,2/19/2007,Assistant,true,3/8/2029,Billing,part-time
15-427-7263,Lucila,Kightly,10/5/2005,Cleaner,true,2/23/2027,Billing,temporary
42-058-4976,Anatole,Wrinch,11/18/1999,Lab,false,8/19/2023,Custodial,temporary
33-690-4807,Catriona,Drynan,12/28/2004,Tech,false,8/14/2030,Admininstrative,seasonal
72-210-7367,Carolyne,Noyce,10/29/2014,Cleaner,false,12/10/2024,Medical,full-time
47-522-7911,Beatriz,Laurance,7/10/2021,Assistant,false,,Medical,seasonal
68-646-6824,Gisella,Martello,11/6/2011,Management,true,10/9/2029,Billing,seasonal
02-460-4723,Tomasina,Gotter,6/1/2008,Receptionist,true,,Medical,part-time
17-128-9293,Bettina,Grodden,1/24/2000,Finance,true,,Admininstrative,part-time
15-075-0107,Wheeler,Kaley,3/22/2021,Cleaner,false,,Admininstrative,temporary
72-962-8192,Robby,Melbourn,12/5/2003,Receptionist,true,10/20/2028,Billing,seasonal
81-103-3948,Charis,Avrahamov,9/21/1999,Assistant,true,3/11/2027,Medical,temporary
44-533-2795,Sherwin,O'Spellissey,11/26/1999,Receptionist,false,,Caretaker,temporary
29-071-4434,Clarissa,Ricciardiello,1/24/2005,Receptionist,true,,Caretaker,seasonal
45-021-2297,Audra,Matuszinski,8/5/2000,Lab,false,9/7/2024,Custodial,seasonal
72-497-5180,Rosamond,Ducker,9/10/2009,Cleaner,true,,Custodial,part-time
74-014-2608,Sutton,Sumption,10/9/2005,Cleaner,false,,Admininstrative,part-time
39-925-0960,Manolo,Noah,8/20/2004,Assistant,false,5/2/2027,Billing,part-time
82-254-6874,Karlyn,Saben,6/26/2002,Tech,false,9/20/2023,Billing,temporary
44-360-4866,Gnni,Garnsworthy,11/29/1999,Doctor,true,,Medical,seasonal
03-040-9666,Ashli,Astbury,1/3/2001,Cleaner,false,2/20/2022,Admininstrative,full-time
64-914-9753,Darcee,Dupree,5/9/2013,Cleaner,true,8/30/2027,Billing,temporary
05-938-9810,Guillermo,Pavy,1/27/1999,Finance,true,,Medical,temporary
42-198-1989,Kevina,Aylott,11/20/2003,Assistant,false,3/9/2027,Billing,part-time
37-635-1251,Guillema,Parmley,7/11/2001,Assistant,false,12/21/2026,Custodial,temporary
16-104-5849,Bary,Dayment,7/7/2003,Receptionist,true,1/31/2022,Admininstrative,temporary
94-740-5918,Ailey,Dally,9/8/2011,Receptionist,false,,Billing,seasonal
31-476-5178,Hildagard,Toyer,10/5/2018,Cleaner,true,,Custodial,part-time
34-676-9480,Orson,Izatt,11/17/2016,Receptionist,false,7/9/2028,Custodial,part-time
14-251-7455,Doralyn,Madison,4/9/2012,Assistant,true,2/9/2029,Admininstrative,temporary
38-656-6251,Jonathon,Stainland,9/15/2021,Cleaner,true,,Custodial,seasonal
45-235-6906,Arnold,Stronghill,4/15/2021,Finance,true,4/6/2026,Billing,part-time
61-489-5737,Marcelline,Ketteringham,5/8/2020,Management,false,,Billing,full-time
56-377-9162,Kelley,Pohls,2/8/2008,Lab,true,11/25/2025,Caretaker,seasonal
04-188-7854,Jedidiah,Rawll,4/1/2008,Tech,false,3/16/2024,Admininstrative,temporary
23-518-5758,Aurora,Maxwaile,4/21/2014,Cleaner,true,12/22/2029,Medical,part-time
90-842-9543,Myca,Hessing,6/13/2005,Lab,false,11/21/2026,Billing,full-time
68-300-7509,Gillan,Warton,10/22/2002,Tech,true,4/10/2022,Caretaker,part-time
71-184-7103,Giffard,Menere,8/12/1999,Receptionist,true,8/10/2027,Custodial,temporary
96-622-1872,Henriette,Aven,10/4/2015,Lab,true,2/3/2025,Caretaker,full-time
78-617-8242,Babette,Bewsy,5/7/2021,Doctor,false,,Admininstrative,full-time
23-649-1596,Finlay,Yglesias,8/26/2015,Management,true,,Admininstrative,part-time
60-732-5735,Claribel,Shurville,4/8/2007,Tech,true,3/1/2029,Caretaker,seasonal
88-227-7742,Philippe,Maun,10/2/2003,Assistant,false,8/22/2026,Custodial,temporary
16-028-9130,Briana,McGaugan,3/18/2020,Doctor,true,11/6/2025,Caretaker,full-time
86-340-8379,Judas,Gatehouse,2/26/2015,Cleaner,true,11/25/2025,Custodial,full-time
62-968-6824,Ola,Reader,9/18/2010,Management,true,,Medical,temporary
63-084-4193,Carroll,Whild,8/9/2022,Finance,true,11/28/2024,Caretaker,part-time
80-991-7040,Evy,Burland,3/11/2017,Doctor,true,9/4/2028,Billing,temporary
18-010-2807,Valina,Bartocci,1/13/2021,Doctor,true,7/25/2030,Admininstrative,seasonal
74-309-4745,Kissiah,Forman,2/29/2004,Receptionist,true,6/6/2022,Custodial,temporary
38-421-2341,Darnall,Fitkin,7/23/2020,Management,false,1/30/2024,Admininstrative,full-time
17-822-8332,Cristin,Stode,5/14/2014,Finance,true,,Custodial,temporary
09-737-3124,Saidee,Mooreed,7/2/2016,Doctor,false,,Caretaker,temporary
92-122-0835,Juliette,Evert,7/10/2005,Lab,true,10/26/2029,Admininstrative,full-time
49-619-8074,Stanton,Daton,9/1/2005,Finance,true,12/16/2024,Custodial,seasonal
48-831-7647,Jo-ann,Mungane,4/11/2002,Management,true,10/22/2025,Caretaker,full-time
24-302-6333,Jarad,Lansberry,9/11/2014,Lab,false,1/18/2027,Admininstrative,full-time
46-393-0232,Rickie,Probart,6/9/2003,Lab,false,5/21/2030,Custodial,full-time
80-034-1705,Daryle,Tapley,2/17/2016,Doctor,false,12/19/2030,Billing,temporary
28-367-0010,Alika,Wrighton,2/23/2016,Finance,true,,Billing,seasonal
94-936-6246,Alfie,Belfit,5/16/2018,Assistant,false,11/6/2029,Billing,temporary
71-811-5685,Dian,Richfield,1/24/2018,Doctor,true,2/8/2024,Medical,seasonal
05-893-5320,Dannie,Warrick,12/24/2015,Cleaner,false,,Admininstrative,temporary
27-721-2868,Celestine,Jenckes,11/29/2004,Assistant,true,4/22/2028,Admininstrative,full-time
29-014-5392,Dom,Tuer,11/30/2015,Assistant,false,,Medical,part-time
27-129-0821,Carlotta,Fortnum,10/6/1999,Tech,true,4/17/2022,Billing,full-time
55-131-5069,Billi,Krabbe,9/2/2011,Lab,false,,Medical,seasonal
24-754-9174,Chet,Oakey,6/2/2000,Cleaner,true,,Medical,temporary
13-988-3699,Willdon,Bartens,10/21/2013,Doctor,false,,Caretaker,temporary
97-979-3330,Ingamar,McLeoid,5/30/2018,Receptionist,false,3/14/2026,Billing,full-time
28-114-5147,Adena,Padula,12/16/2006,Assistant,false,2/3/2022,Caretaker,full-time
57-105-6818,Joannes,Patley,7/24/2011,Cleaner,true,,Caretaker,part-time
72-763-8658,Deerdre,Stockey,10/26/2015,Doctor,false,10/23/2027,Custodial,part-time
17-194-5664,Meridel,Mullane,1/30/2011,Doctor,false,9/19/2024,Medical,seasonal
77-609-8607,Stephen,Jencken,11/11/2005,Cleaner,false,,Medical,part-time
31-495-7657,Lothaire,Rosoni,9/14/2014,Management,true,5/20/2030,Custodial,part-time
01-247-0762,Rafferty,Hamprecht,4/1/2015,Receptionist,true,2/8/2025,Caretaker,temporary
30-870-2948,Leslie,Rosthorn,12/11/2007,Cleaner,false,2/26/2030,Billing,temporary
60-781-0147,Celina,McInerney,9/1/2009,Receptionist,true,,Medical,full-time
49-625-4917,Darline,Tuffin,2/7/2001,Tech,true,4/22/2023,Custodial,part-time
70-111-9661,Twyla,Davidavidovics,1/20/2014,Assistant,true,5/25/2025,Medical,part-time
10-088-3920,Phip,Lahrs,1/4/2015,Lab,false,1/14/2024,Billing,part-time
46-596-2456,Charmine,Dods,12/24/2020,Lab,true,9/22/2028,Medical,seasonal
56-396-2300,Brana,Gregori,9/5/2009,Assistant,true,12/12/2024,Medical,full-time
01-795-9313,Kathye,Moyce,12/18/2020,Assistant,true,,Custodial,full-time
23-494-5361,Manuel,Enevold,5/3/2015,Assistant,true,6/21/2025,Caretaker,part-time
63-625-8934,Esra,Roll,1/6/2020,Receptionist,false,8/21/2030,Custodial,temporary
52-019-6802,Garrot,Hutchens,12/25/2019,Lab,false,9/23/2022,Admininstrative,seasonal
66-346-2335,Emmerich,Glacken,11/1/2010,Lab,true,11/26/2029,Caretaker,seasonal
28-508-4049,Town,Jull,2/6/2007,Tech,true,,Admininstrative,part-time
29-295-4069,Tania,Keddle,7/8/2009,Assistant,true,3/18/2026,Billing,seasonal
82-316-8583,Cort,Kimm,11/9/2008,Lab,true,12/31/2021,Billing,part-time
20-826-3759,Madelene,Blodgetts,5/11/2012,Assistant,true,8/21/2030,Admininstrative,temporary
32-341-1418,Jacquelynn,Tidbald,11/25/2018,Finance,true,,Medical,part-time
07-161-8420,Cordelia,Sidery,2/4/2005,Finance,true,7/11/2029,Admininstrative,seasonal
46-515-2355,Ansley,Mechi,3/8/2021,Receptionist,false,,Caretaker,temporary
75-890-2068,Che,Callender,11/20/2012,Lab,true,5/3/2028,Caretaker,seasonal
60-083-7008,Georgine,Varah,5/30/1999,Management,false,,Billing,full-time
41-693-5249,Yancey,Stovin,3/20/2009,Receptionist,false,3/8/2028,Billing,full-time
75-670-0486,Nelie,Foan,7/9/2012,Doctor,false,,Admininstrative,seasonal
52-024-0453,Grover,Sylett,6/2/2008,Finance,false,6/26/2030,Medical,seasonal
81-228-3893,Ann-marie,Gair,4/20/2021,Tech,false,12/29/2027,Medical,part-time
16-136-0219,Raymund,Eglin,11/2/1999,Doctor,false,12/31/2024,Billing,seasonal
54-014-4200,Rodolphe,Sanson,6/8/2011,Finance,false,7/17/2024,Caretaker,full-time
42-081-7291,Kane,Hugenin,10/24/1999,Doctor,true,,Medical,full-time
15-491-1217,Merry,Jordanson,10/9/2005,Receptionist,false,,Medical,part-time
41-205-4518,Leon,Littleton,8/29/1999,Finance,false,2/3/2028,Custodial,full-time
17-361-2824,Mauricio,Litchmore,5/7/2005,Assistant,true,11/24/2025,Admininstrative,full-time
31-676-1896,Cam,Dyball,10/24/1999,Lab,true,,Admininstrative,part-time
13-016-2191,Lura,Kemson,6/23/2022,Receptionist,false,1/6/2023,Caretaker,seasonal
76-628-3634,Ev,Bettison,4/28/2015,Management,false,8/9/2030,Billing,seasonal
96-554-6592,Nilson,Harflete,3/30/2012,Management,false,11/4/2030,Caretaker,seasonal
83-306-6677,Tyler,Butter,4/3/2022,Tech,true,4/20/2027,Admininstrative,part-time
39-804-0685,Even,Loveridge,8/6/2010,Lab,true,9/19/2022,Medical,seasonal
41-781-1300,Hendrika,Hobbema,9/24/2006,Management,false,7/19/2024,Billing,part-time
19-607-4226,Forest,Delooze,2/7/2000,Management,false,5/12/2027,Caretaker,temporary
38-358-9721,Oren,Labusquiere,1/10/2016,Tech,false,,Caretaker,seasonal
48-448-7094,Theadora,Beadon,2/5/2004,Management,false,10/22/2026,Billing,full-time
40-741-8790,Britte,Kezar,12/21/2007,Finance,false,6/20/2029,Custodial,temporary
56-058-3126,Rolph,Teers,12/6/2012,Tech,false,12/6/2022,Medical,seasonal
10-330-7101,Jonis,Vanyarkin,2/20/2019,Finance,true,10/26/2029,Caretaker,seasonal
91-384-7081,Gail,Esley,6/23/2021,Finance,false,8/2/2022,Custodial,temporary
09-554-8787,Henriette,Pyrah,11/10/2002,Cleaner,true,10/23/2025,Custodial,full-time
19-387-0036,Pace,Snape,8/21/2000,Cleaner,false,1/4/2029,Billing,part-time
68-500-7086,Brandy,Vernazza,6/10/2013,Management,false,,Custodial,seasonal
06-819-2059,Gardy,Abramin,3/17/2008,Tech,false,12/26/2025,Caretaker,seasonal
87-115-5317,Dorie,Bourdas,1/14/2004,Finance,false,,Billing,part-time
91-103-4680,Lonnard,Sheerman,2/14/2000,Receptionist,false,,Medical,part-time
40-290-5874,Rhoda,Covington,9/21/2009,Assistant,false,9/15/2025,Custodial,full-time
85-996-9434,Genna,Caw,10/31/2006,Lab,true,3/21/2023,Admininstrative,full-time
14-385-3956,Wilmette,Woolliams,5/18/2019,Doctor,false,10/14/2029,Caretaker,full-time
78-648-5266,Colby,Hattiff,7/1/2021,Doctor,false,6/23/2025,Billing,temporary
91-704-5938,Brandice,Oakhill,3/25/2012,Receptionist,true,7/7/2022,Caretaker,full-time
97-263-7598,Matteo,Duthy,9/28/2008,Cleaner,false,2/17/2028,Medical,temporary
99-161-6704,Joela,Fussie,2/12/2001,Doctor,false,11/2/2030,Medical,seasonal
58-338-0517,Anatol,Phalip,9/24/2002,Management,false,1/1/2030,Medical,seasonal
34-336-1019,Lesli,Alven,4/17/2000,Receptionist,true,10/22/2029,Admininstrative,full-time
88-975-0544,Erhart,Redhole,8/1/2013,Receptionist,false,10/28/2025,Billing,full-time
32-197-2183,Dido,Scones,1/10/2018,Lab,false,9/28/2028,Medical,part-time
11-805-9267,Constantia,Waddilow,4/25/2001,Assistant,false,8/5/2024,Custodial,seasonal
58-550-4175,Sharl,Brigshaw,4/8/2017,Doctor,false,9/19/2024,Caretaker,temporary
12-624-7079,Milka,Craig,9/20/2021,Tech,false,11/29/2029,Caretaker,temporary
58-293-5951,Duky,Kloisner,1/23/2016,Doctor,true,11/7/2027,Billing,part-time
76-938-0488,Cammy,Franke,8/7/2004,Tech,true,8/3/2028,Custodial,seasonal
62-636-2745,Anallise,Bettington,10/22/2019,Management,false,3/26/2026,Medical,seasonal
99-619-9097,Jenica,Presswell,3/12/2017,Management,true,10/3/2026,Caretaker,full-time
19-406-3301,Farleigh,Biford,2/15/2011,Assistant,false,,Medical,full-time
49-201-1950,Charlot,Fowkes,7/2/2021,Assistant,true,,Medical,part-time
42-841-9449,Honey,Mazella,6/26/2004,Management,true,12/2/2029,Admininstrative,part-time
22-366-9467,Matty,Yegorkin,1/9/2018,Tech,true,8/10/2026,Medical,seasonal
64-154-9966,Dulci,Goodlad,3/27/2003,Tech,false,5/10/2025,Medical,seasonal
98-542-3499,Cosimo,Gurnay,5/11/2018,Cleaner,false,1/15/2026,Medical,part-time
38-484-4936,Verile,Simeonov,1/22/2001,Lab,false,5/28/2026,Caretaker,part-time
42-052-3051,Kerby,Hardey,11/13/2015,Assistant,true,5/18/2024,Custodial,full-time
44-882-1004,Heriberto,Willows,10/30/2006,Doctor,true,4/5/2024,Billing,seasonal
57-447-4583,Worden,Tubble,8/19/1999,Doctor,false,5/18/2027,Admininstrative,full-time
76-124-6862,Matt,Stert,8/19/2001,Lab,true,1/15/2028,Admininstrative,full-time
22-006-7182,Valerie,Corneil,12/11/2015,Lab,false,2/9/2026,Admininstrative,full-time
65-242-6369,Michael,Reolfo,5/7/2018,Receptionist,false,5/30/2026,Billing,full-time
74-913-3439,Jenilee,Seawright,12/21/2008,Assistant,false,,Billing,full-time
98-549-0493,Jeddy,Shutte,3/11/2008,Receptionist,false,4/22/2030,Medical,part-time
06-818-3010,Jaclin,Sutherley,9/14/2019,Cleaner,true,9/8/2024,Medical,full-time
37-315-0985,Noah,Capaldo,8/20/2021,Assistant,false,9/7/2025,Billing,temporary
02-996-0341,Gaye,Ugoni,10/2/2005,Lab,true,5/18/2029,Billing,part-time
53-383-0000,Zebulen,Ruseworth,7/10/2014,Tech,false,,Caretaker,seasonal
53-903-4862,Wyatan,Mucklow,3/23/1999,Receptionist,false,,Billing,seasonal
12-634-2906,Brig,Mallabund,6/21/2016,Management,true,11/19/2028,Billing,full-time
40-185-3193,Nicolis,McKoy,6/2/2010,Doctor,true,12/11/2025,Caretaker,seasonal
05-381-8595,Si,Haggerwood,7/16/1999,Doctor,false,7/11/2024,Caretaker,part-time
84-457-7062,Randell,Schusterl,6/18/2003,Finance,true,2/23/2027,Caretaker,seasonal
45-636-7181,Margy,Birwhistle,10/26/2001,Finance,true,9/10/2030,Custodial,seasonal
36-795-2843,Gardener,Faull,5/28/2004,Finance,true,9/30/2030,Caretaker,part-time
29-022-3068,Staford,Woolerton,12/10/2019,Lab,false,4/6/2027,Medical,part-time
84-927-4018,Vivien,Purver,4/5/2003,Management,true,,Custodial,temporary
78-356-9658,Quintana,Faldoe,2/20/2013,Assistant,false,,Caretaker,seasonal
12-415-5554,Almire,McQuade,9/28/2019,Finance,true,10/24/2030,Admininstrative,temporary
08-601-3436,Kippy,Vyse,7/3/2017,Receptionist,true,12/18/2029,Admininstrative,part-time
34-823-8279,Wanids,Toyne,2/26/2003,Management,true,2/5/2030,Caretaker,full-time
32-341-9873,Jewel,Gianolo,12/29/2009,Lab,true,3/7/2022,Billing,seasonal
98-587-9991,Cordula,Axtonne,2/27/2017,Management,true,,Custodial,temporary
69-150-0775,Claudius,Boreham,6/9/2004,Finance,true,1/28/2022,Admininstrative,temporary
82-590-9005,Leona,Bettley,7/7/2019,Cleaner,false,8/21/2024,Billing,full-time
44-061-3812,Noelyn,Le Gassick,8/25/2016,Tech,true,,Caretaker,full-time
78-767-3340,Abner,Becke,11/16/2011,Lab,false,7/16/2023,Caretaker,part-time
04-061-7024,Monro,Pattini,11/23/2017,Tech,false,8/30/2030,Custodial,part-time
74-138-9960,Clara,Canny,9/18/2019,Doctor,true,8/21/2025,Caretaker,temporary
63-585-5908,Jeffrey,Zotto,9/9/2005,Management,true,,Billing,seasonal
44-354-2341,Pansie,Martinez,3/31/2012,Receptionist,false,11/7/2024,Admininstrative,seasonal
32-150-9162,Allyn,Bavin,10/16/2016,Lab,false,,Billing,seasonal
42-548-6655,Cal,Frickey,11/14/2001,Management,true,2/22/2024,Custodial,temporary
99-434-9528,Jan,Cholton,3/18/2006,Finance,true,4/30/2029,Billing,part-time
65-240-7066,Adara,Gameson,1/17/2022,Cleaner,true,10/30/2025,Custodial,full-time
99-293-8716,Benny,Wolfenden,6/24/2000,Receptionist,true,1/20/2024,Billing,seasonal
72-414-5198,Gerome,McCome,5/27/2014,Cleaner,true,10/17/2030,Medical,full-time
88-003-1330,Quillan,Provest,12/8/2015,Receptionist,true,11/24/2023,Admininstrative,temporary
36-766-3374,Ephrem,Vanezis,1/11/2004,Assistant,false,,Billing,temporary
57-896-0433,Helsa,Provost,1/6/1999,Cleaner,true,,Caretaker,full-time
77-815-2811,Janie,Durrand,12/25/2006,Doctor,true,2/18/2029,Admininstrative,part-time
79-087-5601,Esteban,Points,8/26/2001,Cleaner,true,9/13/2029,Admininstrative,full-time
34-163-5473,Anton,Jope,5/4/2014,Cleaner,false,8/30/2030,Custodial,full-time
52-045-8200,Marylou,Riolfi,1/29/2004,Management,false,7/22/2027,Caretaker,seasonal
39-098-9497,Jaimie,Amis,5/21/2008,Management,true,10/17/2030,Medical,full-time
49-560-5522,Kristian,Latta,9/15/2006,Assistant,false,2/23/2026,Billing,temporary
76-465-9029,Ty,Sakins,10/2/2018,Cleaner,true,1/23/2024,Billing,full-time
98-176-1508,Jone,Griggs,5/30/2000,Tech,false,9/30/2029,Caretaker,full-time
80-924-5713,Zane,Matyashev,5/10/2020,Cleaner,true,,Custodial,full-time
90-014-3415,Keith,Ghirigori,7/22/2018,Management,true,1/8/2029,Medical,temporary
48-880-9744,Katerina,Rupel,8/9/2005,Doctor,false,12/23/2028,Caretaker,part-time
83-984-3893,Karly,Rigbye,9/11/2005,Receptionist,false,,Medical,full-time
18-108-7031,Darryl,Jeggo,12/7/2021,Receptionist,false,,Custodial,part-time
03-155-6528,Hewie,MacCrackan,9/20/2001,Doctor,true,6/17/2027,Custodial,full-time
00-470-2312,Laurella,Doerffer,8/24/2010,Assistant,false,,Admininstrative,temporary
29-223-8580,Ransom,Murton,7/28/2020,Assistant,false,8/23/2029,Caretaker,temporary
10-553-4199,Brandy,Spraging,12/25/2021,Assistant,false,3/7/2026,Caretaker,seasonal
82-057-7625,Erny,Tams,11/24/2013,Receptionist,true,,Custodial,seasonal
36-931-3983,Pearline,Wheadon,5/7/2019,Lab,false,7/9/2023,Billing,full-time
33-551-1173,Dalston,Hanrott,7/5/2016,Management,false,5/17/2030,Caretaker,temporary
99-273-6478,Barnabe,Atyeo,4/7/2000,Finance,true,3/18/2022,Billing,part-time
90-486-2254,Avictor,Melia,12/14/2006,Receptionist,true,8/12/2030,Admininstrative,seasonal
81-012-8425,Dominik,Woollhead,4/12/2003,Cleaner,false,6/9/2025,Custodial,part-time
93-531-4278,Pet,Pagram,4/12/2006,Assistant,true,1/22/2030,Caretaker,part-time
44-458-7098,Thelma,Gogan,2/26/2002,Cleaner,false,,Custodial,part-time
56-732-1759,Lindsey,Stollenbeck,7/21/2000,Assistant,false,4/5/2022,Billing,full-time
96-002-2539,Madelle,Milella,9/29/2014,Lab,false,6/24/2022,Medical,seasonal
20-968-1898,Eda,Beament,12/21/2021,Doctor,true,,Custodial,part-time
84-416-0107,Simon,Eustes,10/2/2008,Tech,true,7/2/2030,Medical,seasonal
72-429-2276,Aguste,Batts,6/7/2015,Management,false,6/27/2026,Medical,part-time
04-044-0019,Freddy,Brayshay,2/28/2017,Lab,true,4/14/2026,Medical,part-time
08-033-7873,Lennie,Langham,11/25/2015,Assistant,true,,Admininstrative,full-time
29-334-5194,Lambert,Sigg,6/2/2014,Cleaner,true,9/14/2027,Medical,seasonal
31-537-4662,Darda,Aleswell,4/2/2016,Doctor,true,8/16/2023,Billing,full-time
58-060-2701,Payton,Copestake,6/12/2016,Lab,false,,Custodial,temporary
02-583-2266,Alvin,MacGilpatrick,6/5/2013,Management,true,12/14/2024,Billing,full-time
19-478-1401,Marrilee,Esposito,5/16/2013,Doctor,true,3/24/2027,Medical,seasonal
70-095-2974,Sheena,Tigwell,7/24/2008,Doctor,false,9/8/2025,Admininstrative,part-time
22-154-6842,Jemmy,McGriele,5/20/1999,Lab,false,,Medical,seasonal
49-219-8865,Cordula,Filintsev,5/4/1999,Management,false,3/17/2028,Caretaker,full-time
28-030-1777,Garik,Canning,12/23/2012,Receptionist,false,10/25/2025,Caretaker,full-time
95-069-9629,Evaleen,Blyth,5/17/2015,Finance,true,,Billing,part-time
89-630-3633,Kellen,Lapthorn,4/11/2005,Receptionist,false,11/17/2029,Caretaker,seasonal
50-176-5161,Tedd,Hacquard,10/17/2019,Management,false,11/17/2028,Custodial,seasonal
16-129-0869,Emmott,Blant,10/23/2022,Finance,true,,Custodial,temporary
13-754-2377,Lavinia,Bill,3/20/2019,Receptionist,true,4/4/2030,Admininstrative,full-time
20-365-1441,Marylynne,Hastler,11/16/2016,Finance,true,11/27/2023,Medical,full-time
14-617-1725,Allyson,MacFall,3/19/2011,Lab,true,9/5/2024,Custodial,seasonal
41-443-2081,Allard,McOnie,6/30/1999,Lab,true,,Custodial,seasonal
94-766-3230,Hanan,Barks,9/12/2016,Management,true,8/22/2030,Billing,temporary
16-283-7037,Jason,Sams,6/27/2021,Lab,false,2/28/2029,Medical,temporary
59-200-4983,Jacklyn,Plewman,2/3/2001,Lab,false,1/15/2029,Medical,part-time
22-955-8006,Farra,Maginn,1/31/2010,Receptionist,true,,Custodial,seasonal
58-117-0990,Avril,Loren,8/10/2012,Doctor,true,9/20/2027,Billing,full-time
75-382-4126,Aldo,Escalante,7/22/2022,Tech,false,1/3/2029,Custodial,temporary
95-216-9229,Tulley,Napolione,11/2/2019,Receptionist,true,7/4/2025,Admininstrative,seasonal
65-547-3367,Lennard,Millbank,4/26/2016,Doctor,true,2/26/2025,Admininstrative,part-time
70-539-0000,El,Moniker,10/16/2004,Finance,true,,Admininstrative,part-time
08-637-1725,Armando,Pollicatt,1/3/1999,Assistant,true,,Custodial,full-time
76-952-2210,Issi,Keetch,9/9/2014,Cleaner,false,5/19/2030,Caretaker,temporary
32-533-4671,Klaus,Gniewosz,9/29/2001,Doctor,true,9/13/2029,Medical,seasonal
21-595-1037,Tore,Lewsy,2/12/2021,Cleaner,false,,Billing,seasonal
16-599-9571,Estella,Escale,9/14/2012,Finance,false,4/23/2024,Custodial,temporary
04-974-0079,Allayne,Drysdall,12/9/2012,Assistant,false,9/29/2026,Custodial,part-time
92-098-3828,Rycca,Szwandt,6/4/2017,Doctor,false,,Billing,seasonal
70-674-9486,Terza,Duxbarry,9/23/2009,Lab,true,2/8/2024,Admininstrative,seasonal
08-142-1085,Bamby,Shilito,9/16/2000,Lab,true,5/12/2027,Medical,part-time
15-905-1611,Christopher,Roxbee,2/22/2007,Receptionist,false,5/22/2025,Custodial,part-time
11-038-2045,Hobard,McCamish,8/19/2012,Tech,false,3/15/2024,Medical,temporary
97-075-5008,Emmie,Marikhin,6/28/2010,Assistant,false,4/8/2025,Custodial,part-time
31-543-1193,Cherianne,Shreve,6/1/2011,Receptionist,true,3/29/2023,Custodial,temporary
47-584-0472,Max,Farrer,6/6/2015,Lab,true,9/7/2022,Billing,full-time
51-704-0839,Marwin,Bagot,2/7/2012,Finance,true,12/26/2028,Caretaker,seasonal
95-077-8858,Rhonda,O'Shiel,10/5/2007,Receptionist,true,12/20/2023,Billing,full-time
88-894-9092,Fransisco,Fergusson,11/28/2012,Tech,true,7/16/2025,Medical,full-time
47-702-7260,Halley,Gilhespy,4/20/2003,Lab,true,7/13/2025,Billing,temporary
21-948-7900,Susie,Anwell,10/29/2014,Assistant,false,9/5/2028,Medical,temporary
44-766-8418,Harwilll,Elcoate,3/10/2017,Management,true,2/3/2025,Billing,full-time
52-152-3176,Lucio,Rutherford,12/1/2016,Tech,false,12/7/2023,Admininstrative,full-time
02-088-4744,Teresa,Schuelcke,6/9/2010,Lab,false,7/16/2028,Admininstrative,full-time
27-239-8434,Ainsley,Woolvett,9/28/2001,Tech,false,,Admininstrative,seasonal
22-388-1016,Nikki,Wellbeloved,6/18/2010,Finance,true,,Caretaker,full-time
73-917-4736,Merralee,Croser,3/11/2001,Management,true,,Caretaker,part-time
39-743-6046,Darnell,Bickley,2/21/2003,Management,true,8/3/2030,Billing,temporary
03-264-6069,Margaretta,Shearsby,11/18/2014,Management,true,8/4/2023,Medical,seasonal
33-868-3490,Wynnie,Salaman,3/1/2005,Lab,true,,Billing,full-time
97-060-2304,Muriel,Mathison,6/20/2004,Finance,true,,Caretaker,seasonal
54-518-1421,Rayshell,Ibbett,12/2/2011,Management,true,8/3/2023,Medical,seasonal
62-734-2777,Harmony,MacComiskey,11/8/2014,Assistant,false,8/20/2028,Medical,part-time
99-464-5031,Nedda,Bosnell,6/21/2006,Cleaner,false,1/17/2024,Admininstrative,part-time
14-837-3778,Kelwin,Muat,6/13/2003,Finance,true,10/26/2028,Custodial,part-time
51-834-7503,Hildegaard,Goodisson,6/29/1999,Doctor,true,2/12/2022,Caretaker,seasonal
46-586-7797,Nicki,Chicchelli,3/1/2008,Tech,false,2/9/2028,Billing,part-time
42-567-1331,Isidor,Kesper,5/25/2017,Lab,true,2/27/2024,Medical,seasonal
40-795-0130,Bliss,Okill,8/5/2003,Assistant,true,1/29/2027,Admininstrative,part-time
49-568-6044,Jeromy,Osmond,7/8/2015,Assistant,false,11/25/2027,Medical,part-time
72-828-0564,Alvie,Lorek,12/11/2003,Doctor,true,2/28/2022,Custodial,temporary
69-071-2153,Mil,Zecchii,7/9/2020,Management,false,12/1/2029,Custodial,part-time
35-181-2541,Wylie,Janson,3/20/2015,Management,true,10/20/2027,Custodial,full-time
89-858-9989,Corrianne,Collin,5/19/2006,Doctor,false,8/23/2023,Custodial,seasonal
34-230-0470,Carol,Moniker,1/18/2017,Receptionist,false,,Admininstrative,part-time
14-538-4463,Nixie,Collishaw,4/21/2003,Lab,true,9/14/2029,Billing,full-time
25-046-9239,Joey,Field,7/22/2010,Receptionist,false,11/24/2026,Admininstrative,temporary
00-215-5379,Annamaria,Skarr,12/6/2018,Finance,false,5/24/2023,Admininstrative,temporary
70-247-6218,Shina,Wixey,8/5/2006,Assistant,false,10/6/2022,Caretaker,full-time
21-732-8239,Beck,Killen,7/21/2017,Cleaner,false,3/31/2023,Admininstrative,temporary
67-041-5607,Sully,Ovendale,7/6/2007,Doctor,true,6/5/2026,Custodial,seasonal
39-427-9666,Tonie,Fashion,4/28/2012,Management,false,6/17/2027,Custodial,temporary
85-121-3912,Iona,O'Lunny,4/7/2014,Management,false,5/26/2026,Billing,seasonal
52-891-2640,Ford,Louis,4/13/2014,Assistant,true,,Medical,seasonal
86-818-5963,Shoshanna,MacLleese,10/7/2001,Finance,false,5/14/2026,Admininstrative,full-time
62-091-3204,Nolly,Reece,10/24/2003,Cleaner,true,11/30/2023,Billing,seasonal
96-665-4764,Tobe,Shitliff,4/28/2000,Doctor,true,,Medical,full-time
59-527-3471,Eliot,Charpling,8/25/2000,Finance,false,4/8/2023,Caretaker,part-time
03-368-2362,Obadiah,Pendleberry,5/4/2007,Assistant,false,9/9/2027,Custodial,temporary
71-287-5239,Ron,Runacres,4/23/2006,Assistant,false,1/27/2022,Billing,part-time
10-881-6412,Dietrich,Cradock,8/11/2014,Receptionist,false,10/11/2027,Caretaker,temporary
91-441-2437,Kamillah,Lander,1/15/2011,Tech,false,6/20/2025,Caretaker,full-time
90-464-8721,Antonetta,Jon,4/9/2017,Cleaner,false,3/4/2025,Admininstrative,seasonal
68-132-2638,Charissa,Dillingston,6/28/2002,Management,false,8/3/2029,Billing,part-time
42-974-0882,Glynnis,Lagden,7/27/2013,Doctor,true,,Admininstrative,full-time
80-039-1624,Cammie,Hatch,8/8/2021,Tech,true,5/21/2027,Billing,full-time
36-887-7615,Flor,Magarrell,6/21/2011,Lab,true,1/25/2024,Custodial,full-time
10-440-1372,Kenneth,Carrivick,6/16/2008,Receptionist,false,5/25/2030,Medical,full-time
32-340-2576,Nariko,Snaith,9/29/2016,Finance,false,4/28/2028,Billing,seasonal
78-856-0154,Ailene,Mabbe,7/31/2002,Management,false,2/24/2030,Billing,seasonal
86-967-4700,Nev,Wanklin,6/12/2010,Cleaner,true,8/15/2024,Medical,part-time
95-794-0598,Nelly,Ickovicz,8/7/2012,Finance,true,1/3/2028,Medical,full-time
10-460-0516,Francine,Gillings,5/28/1999,Management,false,11/28/2025,Medical,temporary
90-804-9372,Rowen,Klimas,2/13/2002,Receptionist,false,,Caretaker,part-time
89-351-7489,Joaquin,Lebel,11/6/2018,Assistant,false,,Medical,seasonal
39-611-7074,Justina,Petrou,9/24/2014,Cleaner,false,1/18/2022,Billing,part-time
93-326-1938,Weston,Idill,6/30/2018,Tech,false,,Custodial,part-time
11-945-6367,Carlota,Bradbrook,8/27/2006,Tech,true,7/2/2023,Custodial,temporary
69-438-1996,Franklyn,Selby,6/21/2013,Assistant,false,,Billing,seasonal
34-736-0329,Phaidra,Roubert,4/6/2014,Doctor,false,,Custodial,seasonal
68-546-9156,Shoshana,Norval,1/8/2019,Assistant,true,4/19/2022,Admininstrative,temporary
49-814-1893,Robyn,Moulsdale,7/28/2011,Lab,false,,Admininstrative,seasonal
27-194-0666,Warde,Sidey,4/15/2018,Receptionist,true,12/12/2028,Caretaker,part-time
68-359-7600,Powell,Frankema,8/8/2016,Doctor,true,5/6/2029,Medical,part-time
82-384-8188,Laurette,Cowden,11/26/2013,Finance,false,12/14/2026,Admininstrative,part-time
98-467-5506,Staford,Bonafant,2/6/2021,Management,true,,Custodial,seasonal
97-614-5542,Gaby,Antczak,3/11/2004,Management,true,10/27/2029,Caretaker,seasonal
90-357-5567,Loree,Girtin,11/7/2019,Receptionist,true,5/16/2022,Caretaker,full-time
37-033-9904,Maryanne,Croome,11/20/2017,Receptionist,false,,Admininstrative,full-time
59-254-9364,Matthew,Breukelman,8/3/2018,Receptionist,false,,Billing,temporary
06-639-3063,Cindelyn,Gligoraci,10/15/2012,Receptionist,true,8/17/2027,Admininstrative,full-time
89-122-9865,Frederich,Koeppe,3/8/2003,Tech,true,1/9/2028,Admininstrative,temporary
99-058-9669,Sly,Adamczyk,2/9/2006,Lab,false,12/15/2030,Caretaker,seasonal
28-001-1578,Alvinia,Canlin,9/24/2015,Tech,false,2/22/2027,Custodial,part-time
38-024-2869,Barnabas,Radmore,11/13/2006,Cleaner,true,7/8/2027,Custodial,part-time
33-797-7066,Ilaire,Gimenez,10/6/2022,Finance,true,,Caretaker,part-time
97-911-7273,Fiorenze,Baitson,3/24/2019,Doctor,true,,Custodial,full-time
55-851-0759,Bronnie,Ludlom,7/16/2019,Tech,true,,Billing,full-time
18-358-8781,Coral,Folder,3/30/2004,Cleaner,false,,Billing,part-time
22-196-0844,Sib,Duiguid,4/3/2013,Doctor,true,7/17/2023,Caretaker,full-time
15-708-2773,Joana,Willmot,11/20/2011,Finance,true,8/10/2028,Billing,seasonal
96-731-8600,Yoshiko,Gilbody,4/6/2003,Lab,true,8/30/2026,Billing,seasonal
99-564-1965,Kennie,Aberchirder,3/15/2001,Doctor,false,7/5/2030,Admininstrative,seasonal
36-417-8755,Daron,Self,11/16/2002,Tech,false,6/26/2023,Billing,full-time
60-412-5191,Farica,Ladbrooke,1/26/2005,Doctor,true,5/28/2025,Custodial,seasonal
62-715-2163,Micheline,Pluvier,3/28/2009,Management,false,1/25/2028,Admininstrative,seasonal
11-865-7655,Bidget,Rosenbusch,2/10/2008,Cleaner,false,5/22/2027,Billing,part-time
99-392-8342,Winifield,Danielsson,6/15/2012,Finance,true,,Custodial,seasonal
23-119-9252,Marita,Grogan,12/26/2009,Lab,true,11/20/2024,Admininstrative,full-time
57-737-9222,Sisely,Catherick,6/29/2019,Management,false,,Caretaker,seasonal
70-989-5944,Abbot,Reglar,10/20/2020,Management,true,3/5/2026,Billing,full-time
92-984-6182,Dirk,Cowlas,2/10/2021,Finance,true,11/17/2028,Admininstrative,full-time
81-473-1845,Pamela,Fetherston,6/27/2019,Tech,true,,Admininstrative,part-time
68-224-1487,Jannel,Lumbley,7/26/2004,Doctor,true,,Billing,part-time
96-185-1280,Alli,Shipp,2/24/2017,Tech,true,,Custodial,seasonal
62-204-9228,Erma,Titchen,9/11/2001,Tech,true,8/5/2026,Billing,part-time
02-880-1177,Lucian,Hupka,12/23/2013,Cleaner,false,,Custodial,seasonal
52-143-7252,Siward,Lyle,7/21/2008,Finance,true,8/19/2029,Admininstrative,part-time
95-908-3332,Gilles,Cootes,5/27/2000,Cleaner,true,5/21/2025,Admininstrative,temporary
97-720-2302,Ansley,Heath,11/13/2021,Tech,true,9/12/2026,Medical,temporary
22-961-3090,Sybila,Galsworthy,8/8/2003,Management,true,9/3/2026,Medical,seasonal
14-948-9537,Even,Tooley,12/14/2020,Doctor,false,,Caretaker,temporary
45-690-3895,Renado,Harget,7/12/2012,Doctor,false,9/20/2024,Caretaker,full-time
96-817-0212,Bernice,Flowitt,5/26/2013,Management,true,,Medical,part-time
91-675-1847,Staci,Vasyukhin,6/29/2017,Tech,false,6/18/2022,Custodial,full-time
53-603-4340,Bidget,Robben,10/5/2007,Cleaner,false,12/11/2025,Medical,part-time
78-178-1167,Stanislaw,Sexty,5/24/2009,Management,false,5/15/2028,Caretaker,temporary
06-472-4641,Armin,Wyman,8/11/2012,Tech,true,12/20/2027,Caretaker,seasonal
08-965-0811,Zeb,D'Hooghe,12/17/2010,Tech,false,10/25/2029,Custodial,part-time
38-007-3617,Emogene,McGarva,12/5/2008,Finance,false,5/11/2027,Caretaker,temporary
57-539-7016,Terrel,Sitch,7/27/2001,Cleaner,false,,Admininstrative,full-time
98-403-2158,Ker,L'Episcopi,8/11/2015,Management,false,1/24/2026,Admininstrative,seasonal
22-589-4972,Deeann,Kee,11/14/2012,Lab,false,8/22/2026,Billing,seasonal
70-129-7547,Giffy,Rontree,9/28/2010,Assistant,false,12/24/2022,Custodial,full-time
41-010-1981,Wilow,Scardefield,8/19/2019,Lab,false,,Medical,temporary
22-106-8013,Arlyne,Kinrade,1/29/2017,Management,false,10/29/2024,Medical,temporary
36-271-3118,Brynna,Messer,5/24/2005,Receptionist,false,,Custodial,temporary
13-206-9269,Carey,Bazire,12/28/2017,Management,false,,Custodial,temporary
13-934-0834,Meghan,Beynke,7/7/2009,Doctor,false,2/6/2022,Caretaker,full-time
17-604-3405,Madalena,Clethro,9/19/2018,Cleaner,true,5/29/2028,Custodial,temporary
89-142-6364,Wallis,Lloyds,2/15/2015,Management,false,,Caretaker,part-time
81-241-8287,Lynn,Eastway,8/13/2016,Receptionist,false,7/13/2029,Custodial,full-time
71-353-1436,Prisca,Wardell,5/3/2018,Finance,false,,Custodial,full-time
37-878-0738,Byram,Skipp,4/8/2013,Management,false,7/21/2027,Billing,seasonal
67-007-5418,Maison,Leyband,4/2/2020,Cleaner,true,12/22/2027,Medical,temporary
60-348-4848,Siobhan,Enos,1/9/2019,Doctor,false,4/22/2025,Medical,temporary
51-626-0795,Fritz,Farryn,11/16/2012,Finance,true,8/9/2029,Caretaker,part-time
95-449-1069,Barnaby,Roggeman,2/15/2004,Lab,true,2/5/2028,Custodial,part-time
72-216-1952,Phineas,Kaminski,7/10/2010,Management,false,6/14/2026,Custodial,seasonal
77-863-2305,Hyacintha,Perrat,2/10/2014,Tech,true,2/6/2025,Caretaker,temporary
17-076-4720,Michail,Kann,11/14/2022,Tech,true,,Custodial,seasonal
73-735-7001,Doralia,Lissaman,11/26/2003,Doctor,false,12/15/2025,Custodial,seasonal
18-044-7906,Romeo,Lutwyche,3/6/2001,Receptionist,false,5/25/2024,Medical,part-time
09-341-2800,Saraann,Quittonden,4/29/2011,Assistant,false,1/12/2029,Medical,part-time
61-033-0091,Clary,Capon,10/3/2002,Finance,true,,Custodial,full-time
34-764-8603,Glenden,Fasey,3/16/2016,Lab,true,2/15/2022,Medical,temporary
04-409-3397,Anny,Tarbox,2/17/2008,Management,true,3/31/2029,Caretaker,full-time
91-982-1881,Borg,Vedenyapin,12/17/2021,Receptionist,false,1/11/2029,Custodial,part-time
03-317-8829,Winfred,De Beneditti,9/22/2011,Receptionist,false,,Custodial,temporary
47-910-4398,Gianni,Greenall,5/19/2020,Assistant,true,,Custodial,seasonal
67-425-2732,Lucky,Turville,9/2/2000,Assistant,false,12/25/2022,Caretaker,full-time
01-780-2890,Dory,Mundow,10/20/2011,Tech,false,3/24/2022,Admininstrative,temporary
13-712-5711,Thea,Randalson,7/20/2010,Finance,true,12/3/2028,Custodial,seasonal
46-122-6398,Vivian,Skews,1/14/2012,Assistant,false,4/28/2027,Medical,temporary
50-758-4732,Brina,Bryce,4/18/2016,Finance,false,,Caretaker,seasonal
15-063-4214,Elyse,Hegley,3/5/2012,Cleaner,false,1/18/2022,Caretaker,part-time
99-094-2257,Meredeth,Ortner,2/20/2001,Receptionist,true,5/12/2029,Billing,part-time
15-118-4429,Sheila-kathryn,Wiltsher,7/23/2015,Cleaner,true,8/7/2022,Billing,seasonal
50-776-0993,Ayn,Gillman,10/4/2011,Doctor,true,5/24/2023,Medical,temporary
62-102-2031,Eleanor,Lambrecht,5/26/2013,Finance,true,12/2/2030,Medical,part-time
79-172-2802,Sean,Clynter,3/23/2013,Management,true,3/10/2025,Medical,full-time
66-738-7570,Cris,Hainey,10/22/2016,Receptionist,false,9/3/2022,Billing,seasonal
36-026-6608,Abra,Pauluzzi,11/25/2006,Lab,false,,Medical,seasonal
96-357-5311,Lissie,Jewitt,1/28/2006,Tech,false,12/20/2026,Caretaker,seasonal
71-913-0011,Colene,Loache,12/11/2008,Management,false,6/8/2023,Caretaker,seasonal
44-390-7252,Teriann,Bohlje,6/17/2017,Lab,false,7/22/2024,Billing,seasonal
27-714-6573,Wolf,Mattussevich,8/26/2005,Doctor,true,,Admininstrative,full-time
14-461-6513,Jamesy,Petrello,11/19/2003,Receptionist,true,10/12/2030,Billing,temporary
85-821-5664,Ethelda,Ashwood,12/23/2005,Assistant,true,12/13/2029,Medical,seasonal
62-128-0765,Ania,Roocroft,4/25/2017,Management,true,1/15/2023,Medical,full-time
32-527-7293,Benedetta,Laborde,11/30/2005,Assistant,true,12/24/2026,Custodial,temporary
49-270-0775,Nial,Sicily,10/13/2007,Management,true,10/10/2029,Billing,part-time
65-881-4607,Austin,McEnhill,9/13/2000,Lab,true,6/30/2022,Caretaker,temporary
91-093-7375,Abrahan,De Lacey,4/19/2018,Lab,false,,Admininstrative,temporary
66-594-2030,Stu,Garric,7/5/2016,Doctor,false,7/26/2029,Medical,temporary
57-145-1494,Eustacia,Gooch,5/1/2009,Tech,true,,Custodial,temporary
33-046-0442,Tani,Muzzollo,1/5/2002,Lab,false,,Custodial,full-time
84-204-8367,Jamima,Beining,5/3/2001,Finance,false,2/21/2023,Billing,full-time
42-977-1151,Kellby,Davitt,10/21/2003,Lab,true,11/7/2026,Admininstrative,seasonal
36-387-9873,Suzette,Beckers,6/27/2018,Tech,false,5/28/2029,Billing,seasonal
69-617-4414,Sianna,Tarte,10/13/2022,Management,false,12/31/2024,Custodial,seasonal
58-093-9152,Melodie,Pearcy,1/18/2012,Receptionist,false,,Billing,seasonal
29-618-7858,Wenonah,Lissandre,5/27/2022,Lab,true,3/10/2029,Caretaker,part-time
26-925-6748,Kettie,Phythean,3/10/2011,Tech,false,,Admininstrative,temporary
93-885-9693,Vonny,Ashfull,3/30/1999,Assistant,false,1/20/2023,Billing,part-time
19-297-8344,Shanda,Chase,3/30/2002,Tech,true,,Admininstrative,seasonal
99-890-6143,Bellina,Fabler,11/5/2017,Cleaner,true,,Admininstrative,seasonal
23-654-3342,Cointon,Kuller,1/18/1999,Assistant,false,6/6/2026,Billing,part-time
24-215-3684,Joana,Dowson,4/20/2022,Assistant,false,,Caretaker,temporary
43-598-9444,Carly,Moy,4/16/2008,Management,true,4/19/2025,Caretaker,full-time
24-798-8923,Constance,Atger,7/11/2000,Finance,false,,Medical,full-time
71-712-0729,Nessa,Feakins,2/23/2010,Management,false,9/3/2030,Admininstrative,full-time
39-984-6143,Rolando,Poytress,8/15/2010,Lab,false,1/26/2025,Caretaker,part-time
63-975-1266,Winny,Murtell,11/21/2009,Cleaner,false,9/1/2022,Caretaker,seasonal
03-551-4062,Dasie,Bromfield,1/31/2002,Receptionist,true,5/12/2028,Admininstrative,full-time
20-236-5257,Livvy,Adam,12/11/2009,Doctor,true,6/12/2027,Caretaker,seasonal
77-153-9858,Brewer,Tante,1/29/2017,Tech,true,,Custodial,full-time
28-004-1457,Dawna,Latham,9/1/2012,Finance,true,11/18/2029,Custodial,full-time
64-715-9738,Loree,Bettinson,5/4/2009,Cleaner,false,5/13/2029,Caretaker,full-time
77-461-4741,Tammy,Agdahl,3/2/2017,Management,false,4/6/2028,Admininstrative,full-time
58-837-5732,Lorine,Heaker,2/3/2006,Cleaner,true,,Billing,full-time
97-819-8530,Emili,Bonds,1/26/2014,Assistant,true,10/11/2026,Admininstrative,seasonal
28-085-3063,Karalee,Syphus,1/15/2005,Management,true,10/20/2023,Medical,seasonal
21-906-1512,Catha,Emmins,4/2/1999,Lab,true,12/7/2027,Billing,full-time
30-450-4423,Giralda,Hallgarth,5/4/2011,Doctor,true,1/11/2022,Custodial,part-time
13-230-5765,Hermia,Leaver,4/14/2014,Receptionist,false,,Billing,seasonal
77-998-7851,Bondie,Woolward,7/18/2001,Finance,true,11/25/2030,Caretaker,seasonal
72-600-2338,Fawnia,Sauvage,4/8/2007,Receptionist,true,11/7/2029,Custodial,part-time
17-429-2448,Arlen,Whorf,10/12/2016,Cleaner,false,3/26/2022,Medical,temporary
92-586-5642,Rochester,Surcombe,11/20/2015,Finance,false,,Admininstrative,temporary
88-402-5638,Siegfried,Broschek,7/17/2006,Receptionist,true,9/29/2025,Caretaker,seasonal
15-745-7009,Netta,Tenney,2/28/2002,Assistant,false,3/2/2030,Medical,full-time
79-481-4910,Ashlee,Vanstone,1/4/2009,Doctor,false,10/13/2030,Custodial,full-time
93-634-9904,Shermy,Hartly,9/17/2007,Cleaner,false,,Admininstrative,temporary
94-926-5429,Niels,Fairbard,12/26/2009,Lab,true,3/22/2024,Custodial,seasonal
29-157-5001,Elsinore,MacRonald,10/12/2002,Receptionist,false,7/6/2025,Caretaker,part-time
40-585-6849,Colver,McCarrick,11/3/2008,Lab,true,11/19/2028,Medical,part-time
00-878-3571,Ashton,Melhuish,12/27/1999,Doctor,true,,Caretaker,full-time
85-348-5617,Sonny,Cleare,3/29/2012,Assistant,false,,Billing,part-time
10-132-3021,Brion,Padillo,5/29/2019,Tech,true,9/5/2025,Caretaker,full-time
76-092-8696,Demetra,Ohanessian,12/24/2001,Tech,true,,Custodial,full-time
63-724-6211,Claudio,Ranby,3/29/2002,Management,true,,Caretaker,temporary
41-364-8913,Christian,Ropert,6/3/2007,Finance,false,2/8/2024,Admininstrative,temporary
37-582-6920,Ruthanne,Maddrell,12/26/2012,Doctor,false,1/26/2025,Medical,seasonal
88-242-2362,Salomi,Pickthorne,9/23/2010,Doctor,true,1/14/2024,Admininstrative,part-time
43-977-3942,Jacintha,Esselin,5/17/2018,Assistant,true,1/21/2022,Caretaker,seasonal
94-490-5158,Fidel,Pither,3/5/2006,Lab,false,2/25/2023,Custodial,full-time
00-009-7212,Emlen,Spinney,5/12/2021,Doctor,true,7/22/2028,Billing,seasonal
14-550-6613,Malvin,Beaven,7/22/2013,Tech,true,7/7/2022,Admininstrative,part-time
82-591-7354,Shandie,Willett,10/11/2000,Assistant,true,8/23/2026,Billing,temporary
16-594-3602,Eloisa,McIlrath,6/20/2020,Doctor,false,10/21/2023,Medical,part-time
14-426-1630,Diego,Haller,12/11/2001,Receptionist,false,11/1/2023,Caretaker,part-time
68-381-6640,Britt,Baskeyfield,11/5/2003,Lab,false,5/4/2022,Medical,seasonal
88-577-6613,Cris,Bavidge,4/5/2017,Cleaner,true,11/16/2028,Medical,temporary
21-531-2882,Giselle,Shortland,12/18/2008,Cleaner,true,10/31/2028,Custodial,temporary
25-230-1559,Joelle,Elph,5/16/2008,Receptionist,true,10/17/2025,Medical,seasonal
54-299-4328,Fey,Aspinal,11/17/2021,Assistant,false,,Custodial,seasonal
71-976-7503,Rolph,Hartnell,6/23/2022,Cleaner,true,7/7/2023,Admininstrative,temporary
36-864-9910,Laurene,Lettley,11/11/2021,Lab,false,,Custodial,part-time
93-234-6020,Dylan,Mayzes,11/13/2017,Finance,false,,Custodial,temporary
69-863-1439,Selma,Goodsal,12/2/2017,Receptionist,false,1/14/2023,Medical,temporary
52-703-4598,Boot,Itzchaki,3/5/2020,Lab,false,7/31/2024,Billing,full-time
45-982-3136,Barron,Piddletown,8/24/1999,Lab,false,1/17/2024,Medical,temporary
45-761-9135,Sorcha,Schuh,5/3/2000,Cleaner,false,3/11/2024,Admininstrative,seasonal
09-055-8135,Toddy,Layfield,8/19/2012,Finance,true,10/6/2022,Billing,seasonal
71-911-9295,Justus,Perigo,7/21/2007,Receptionist,false,2/26/2023,Caretaker,full-time
03-627-9067,Hamid,Chitty,11/6/2002,Tech,false,8/25/2025,Medical,part-time
90-822-4965,Martyn,Harbard,8/28/2005,Assistant,false,7/9/2028,Medical,temporary
87-962-3731,Luella,Haylor,6/10/2014,Tech,false,12/14/2025,Admininstrative,full-time
89-140-6487,Selia,Dacks,2/14/2014,Doctor,true,1/5/2025,Admininstrative,temporary
89-820-6660,Layton,Bowser,3/13/1999,Receptionist,true,,Billing,part-time
50-683-9460,Marjy,MacCartan,9/7/2004,Lab,true,11/7/2023,Admininstrative,part-time
15-914-0988,Mellisent,Junkinson,12/21/2005,Assistant,false,9/15/2029,Medical,part-time
39-183-3460,Garreth,Farrants,10/4/2020,Management,false,7/3/2024,Admininstrative,seasonal
18-696-2802,Gale,Stimpson,9/22/2008,Receptionist,true,6/21/2024,Admininstrative,temporary
54-513-9177,Lurette,Fidelus,10/16/2021,Receptionist,true,6/8/2028,Billing,temporary
99-905-2012,Ilaire,Anglin,11/7/2019,Lab,false,2/14/2022,Admininstrative,full-time
05-990-4753,Rodger,Sherburn,9/21/2011,Doctor,false,1/14/2022,Custodial,part-time
38-115-9174,Upton,Offen,6/18/2014,Receptionist,false,4/5/2026,Billing,full-time
87-814-9557,Bord,Ruhben,12/2/2019,Assistant,true,,Caretaker,temporary
44-858-1668,Raimundo,Stockoe,11/13/2009,Tech,false,,Custodial,full-time
66-396-5929,Nonah,MacUchadair,3/30/2016,Receptionist,true,6/24/2026,Medical,full-time
58-157-4185,Jamima,Veare,11/15/2020,Management,false,4/23/2029,Custodial,seasonal
47-938-8433,Deedee,Castaignet,4/1/2004,Receptionist,false,1/18/2029,Caretaker,full-time
50-401-4611,Addy,Gillcrist,7/6/2004,Assistant,false,,Caretaker,seasonal
79-300-9465,Smith,Gimenez,11/11/2003,Finance,false,10/31/2028,Billing,temporary
23-687-1986,Verile,Fowlds,10/26/2021,Assistant,true,9/5/2028,Caretaker,temporary
36-289-4559,Ab,Belden,12/6/2005,Lab,false,12/2/2027,Custodial,seasonal
42-759-7688,Libbie,Lamberteschi,7/26/2018,Cleaner,false,9/16/2024,Billing,seasonal
07-120-2094,Sissy,Nurcombe,11/22/2022,Doctor,false,,Admininstrative,full-time
28-349-0200,Gonzales,Vassall,11/22/2021,Finance,true,1/1/2024,Admininstrative,part-time
97-600-8640,Debby,Canadine,5/3/2009,Finance,true,4/28/2023,Billing,temporary
05-028-6273,Aurthur,Littlewood,11/13/2010,Lab,false,2/20/2026,Caretaker,part-time
75-776-9849,Siusan,Whatmough,6/29/2002,Tech,false,7/8/2023,Medical,full-time
29-955-9055,Niles,McOrkil,3/20/2015,Doctor,true,,Billing,full-time
55-804-9209,Francine,Glenny,1/14/2001,Cleaner,true,3/12/2026,Admininstrative,part-time
49-886-4889,Abbe,Manterfield,10/19/2009,Doctor,false,11/27/2029,Billing,part-time
34-478-8438,Randi,Hof,1/31/2021,Assistant,false,5/27/2024,Caretaker,part-time
96-106-8107,Livvie,Iacavone,3/21/2001,Management,true,,Custodial,full-time
56-678-5405,Lorenza,Matieu,3/20/2019,Doctor,true,4/5/2030,Custodial,part-time
99-887-5144,Barbara-anne,Beton,10/1/2009,Cleaner,true,,Caretaker,part-time
07-081-6670,Marlo,Getcliffe,8/25/2013,Assistant,false,5/15/2028,Admininstrative,full-time
24-729-1764,Frank,Springford,8/5/2018,Finance,true,10/27/2029,Caretaker,seasonal
10-653-3621,Benito,Face,2/28/2012,Cleaner,false,,Billing,full-time
66-485-6299,Lisabeth,Foad,9/26/2012,Doctor,false,2/26/2030,Admininstrative,part-time
86-359-4381,Danella,Fullagar,7/11/2001,Assistant,false,,Billing,part-time
88-321-9815,Petra,Carnegie,8/17/2019,Doctor,false,8/25/2024,Custodial,seasonal
72-511-0496,Goddard,Deverson,2/6/2009,Lab,true,1/24/2023,Medical,full-time
68-291-7068,Jamison,Thomen,4/9/2015,Assistant,true,9/23/2025,Custodial,temporary
30-643-8406,Lida,Cadreman,2/12/2021,Finance,true,8/25/2026,Medical,temporary
67-106-4221,Ware,Seddon,4/1/2017,Finance,false,,Caretaker,seasonal
03-479-3994,Marje,Aicheson,7/14/2022,Doctor,true,,Medical,temporary
88-342-2542,Bertina,Surguine,7/4/2017,Tech,false,7/2/2029,Admininstrative,part-time
86-366-9816,Toiboid,Brisard,8/25/1999,Receptionist,false,8/19/2024,Medical,full-time
39-509-6887,Inness,Dochon,1/24/2019,Management,false,8/8/2025,Admininstrative,part-time
31-674-3854,Chase,Jessard,8/5/2022,Lab,true,2/26/2023,Medical,temporary
61-576-1599,Care,Espine,1/12/2011,Doctor,false,2/5/2029,Billing,seasonal
36-545-8421,Jesse,Cass,11/28/2015,Receptionist,true,3/19/2028,Custodial,full-time
59-191-6309,Caddric,Gynne,6/12/2019,Assistant,true,4/1/2029,Caretaker,seasonal
28-489-2136,Lorianne,Stannion,11/4/2017,Finance,true,12/27/2022,Custodial,full-time
79-662-2885,Harman,Agney,12/15/2003,Assistant,true,10/30/2030,Billing,temporary
56-939-6440,Gael,Zorro,6/14/2005,Receptionist,true,8/29/2022,Admininstrative,part-time
62-589-2943,Delly,Sleith,5/7/2010,Finance,true,9/13/2028,Caretaker,temporary
43-757-8018,Rollo,Tranckle,9/11/2006,Tech,false,8/21/2026,Admininstrative,part-time
47-346-8463,Marga,Pine,7/21/2006,Assistant,true,10/15/2027,Custodial,part-time
77-081-4980,Bil,Aleksankov,6/15/2001,Doctor,true,2/29/2028,Admininstrative,full-time
65-066-9348,Yanaton,Thebe,8/27/2016,Doctor,false,,Medical,seasonal
91-334-3746,Myrtle,Keveren,11/24/2000,Assistant,true,10/1/2026,Custodial,part-time
29-126-5143,Suzette,Rearie,9/4/2002,Lab,false,12/15/2026,Admininstrative,seasonal
04-340-6824,Edlin,Manilove,10/13/2009,Management,false,1/1/2022,Medical,temporary
04-391-9718,Lane,Semerad,2/12/2020,Lab,false,10/31/2023,Medical,full-time
35-223-9528,Caryl,Wyness,4/23/2000,Tech,true,8/30/2028,Billing,seasonal
89-843-9959,Lizzy,Demonge,7/1/2006,Lab,true,12/1/2025,Caretaker,temporary
11-986-4508,Gardy,Entres,2/22/2022,Lab,false,,Caretaker,temporary
07-969-3076,Paxton,Matis,5/5/2002,Assistant,false,3/20/2028,Caretaker,full-time
52-888-1181,Andrea,Ernke,5/6/2001,Cleaner,false,7/15/2026,Billing,temporary
35-673-0626,Eleonore,Twallin,11/3/2013,Cleaner,true,8/18/2030,Medical,part-time
79-751-7202,Kaspar,Gopsell,8/10/2007,Assistant,true,12/13/2029,Billing,full-time
06-071-6664,Coraline,Lehemann,10/18/2019,Doctor,true,9/30/2022,Medical,full-time
34-536-2701,Starla,Crankhorn,7/25/2019,Finance,true,5/16/2023,Caretaker,temporary
49-274-3639,Marja,Balnaves,8/16/2004,Finance,false,,Medical,full-time
86-101-7785,Gay,Hinkens,7/30/2000,Management,true,4/18/2025,Caretaker,full-time
42-605-0647,Janean,Pickrill,12/30/1999,Lab,false,7/4/2025,Admininstrative,full-time
32-009-3054,Ranee,Paliser,11/21/2011,Tech,true,,Custodial,seasonal
67-746-7063,Jorey,Renner,5/20/2018,Assistant,false,6/1/2029,Medical,part-time
